gene_id	transcript_id	cds_length	exon_length	unspliced_length
ENSG00000141956	ENST00000269844	3621.0	4710	78318
ENSG00000141956	ENST00000398548	3423.0	6525	81120
ENSG00000141956	ENST00000422911	3483.0	6714	81249
ENSG00000141956	ENST00000441787	1434.0	6542	81249
ENSG00000141956	ENST00000447016	3423.0	4992	65078
ENSG00000141956	ENST00000449395	1554.0	6662	81249
ENSG00000141956	ENST00000491486	520.0	520	14328
ENSG00000141959	ENST00000349048	2340.0	2907	27321
ENSG00000141959	ENST00000397961	126.0	3390	27326
ENSG00000141959	ENST00000628044	126.0	129	4213
ENSG00000142149	ENST00000270112	2142.0	7680	131045
ENSG00000142149	ENST00000430354	486.0	486	43783
ENSG00000142149	ENST00000439107	336.0	860	69931
ENSG00000142156	ENST00000361866	3084.0	4203	23279
ENSG00000142156	ENST00000612273	1348.0	1531	3604
ENSG00000142156	ENST00000682634	1207.0	1390	3604
ENSG00000142166	ENST00000270139	1671.0	6075	34895
ENSG00000142166	ENST00000442071	1374.0	5672	34789
ENSG00000142166	ENST00000651609	201.0	5852	34751
ENSG00000142166	ENST00000652450	1464.0	6029	35342
ENSG00000142166	ENST00000652513	810.0	1437	24143
ENSG00000142166	ENST00000652601	708.0	1282	24103
ENSG00000142166	ENST00000652654	384.0	5916	34891
ENSG00000142166	ENST00000700046	234.0	5773	34769
ENSG00000142166	ENST00000700080	1464.0	6171	35344
ENSG00000142166	ENST00000700084	909.0	5669	35455
ENSG00000142166	ENST00000703514	681.0	5861	34796
ENSG00000142166	ENST00000703515	1671.0	3446	34343
ENSG00000142166	ENST00000703516	201.0	5463	34756
ENSG00000142166	ENST00000703556	1671.0	3484	34374
ENSG00000142166	ENST00000703557	1656.0	5374	34209
ENSG00000142166	ENST00000703561	1185.0	3355	34871
ENSG00000142166	ENST00000703562	552.0	6000	34796
ENSG00000142166	ENST00000703563	405.0	5941	34766
ENSG00000142166	ENST00000703564	201.0	5852	34751
ENSG00000142166	ENST00000703565	1143.0	2132	30931
ENSG00000142166	ENST00000703779	234.0	1280	24801
ENSG00000142168	ENST00000270142	462.0	895	9239
ENSG00000142168	ENST00000389995	405.0	865	9266
ENSG00000142173	ENST00000300527	3057.0	3445	34737
ENSG00000142173	ENST00000397763	2754.0	3156	31690
ENSG00000142173	ENST00000409416	2484.0	3367	18332
ENSG00000142173	ENST00000413758	750.0	750	5335
ENSG00000142173	ENST00000436769	541.0	919	13608
ENSG00000142178	ENST00000270162	2349.0	4747	12649
ENSG00000142178	ENST00000644750	461.0	529	5178
ENSG00000142182	ENST00000270172	1161.0	1706	15878
ENSG00000142182	ENST00000431166	864.0	1014	11073
ENSG00000142182	ENST00000628202	1158.0	1384	15559
ENSG00000142185	ENST00000300481	4347.0	5627	89394
ENSG00000142185	ENST00000300482	4509.0	5989	92919
ENSG00000142185	ENST00000397928	4509.0	5419	89024
ENSG00000142185	ENST00000397932	4659.0	5216	88671
ENSG00000142185	ENST00000431901	431.0	582	16458
ENSG00000142188	ENST00000420455	474.0	3062	47459
ENSG00000142188	ENST00000432504	244.0	619	13912
ENSG00000142188	ENST00000441128	132.0	634	18406
ENSG00000142188	ENST00000442441	453.0	982	29390
ENSG00000142188	ENST00000542230	474.0	2332	30834
ENSG00000142192	ENST00000346798	2310.0	3583	290221
ENSG00000142192	ENST00000348990	2085.0	3355	290218
ENSG00000142192	ENST00000354192	1917.0	3167	290198
ENSG00000142192	ENST00000357903	2253.0	3543	290238
ENSG00000142192	ENST00000358918	2256.0	2366	289058
ENSG00000142192	ENST00000359726	1980.0	3294	290578
ENSG00000142192	ENST00000415997	541.0	541	75843
ENSG00000142192	ENST00000439274	2142.0	2517	289323
ENSG00000142192	ENST00000440126	2238.0	2846	259130
ENSG00000142192	ENST00000448850	1453.0	1846	144538
ENSG00000142197	ENST00000399151	6894.0	7685	129740
ENSG00000142197	ENST00000685394	5334.0	7063	136940
ENSG00000142197	ENST00000691173	6894.0	7746	137451
ENSG00000142197	ENST00000693273	912.0	7053	137075
ENSG00000142207	ENST00000382751	6813.0	10818	81995
ENSG00000154639	ENST00000284878	1095.0	5593	57058
ENSG00000154639	ENST00000356275	267.0	270	52358
ENSG00000154639	ENST00000400165	600.0	603	52486
ENSG00000154639	ENST00000400166	756.0	1080	52807
ENSG00000154639	ENST00000400169	1056.0	1445	80450
ENSG00000154640	ENST00000339775	888.0	1485	19192
ENSG00000154640	ENST00000348354	756.0	1410	19249
ENSG00000154640	ENST00000457956	138.0	511	3939
ENSG00000154642	ENST00000284881	891.0	5396	30383
ENSG00000154642	ENST00000400558	663.0	1090	26140
ENSG00000154642	ENST00000400559	888.0	1593	26583
ENSG00000154642	ENST00000405964	727.0	896	23812
ENSG00000154645	ENST00000299295	819.0	2545	22538
ENSG00000154645	ENST00000338326	708.0	1974	10864
ENSG00000154645	ENST00000400127	696.0	2239	350034
ENSG00000154645	ENST00000400128	696.0	2421	366111
ENSG00000154645	ENST00000400131	708.0	2036	350034
ENSG00000154645	ENST00000400135	708.0	2136	350034
ENSG00000154645	ENST00000543733	762.0	1637	20963
ENSG00000154646	ENST00000284885	3057.0	4076	134670
ENSG00000154646	ENST00000422787	683.0	754	120740
ENSG00000154646	ENST00000474775	15.0	452	95491
ENSG00000154654	ENST00000284894	2457.0	4699	259620
ENSG00000154654	ENST00000400546	2511.0	8041	544921
ENSG00000154719	ENST00000307301	1059.0	1199	21862
ENSG00000154719	ENST00000352957	1014.0	1074	21826
ENSG00000154719	ENST00000419219	891.0	900	14673
ENSG00000154721	ENST00000312957	786.0	4209	78271
ENSG00000154721	ENST00000400532	936.0	1757	75302
ENSG00000154721	ENST00000460679	782.0	1025	24866
ENSG00000154721	ENST00000480456	894.0	4351	78305
ENSG00000154723	ENST00000284971	324.0	526	10405
ENSG00000154723	ENST00000400087	324.0	826	11167
ENSG00000154723	ENST00000400090	324.0	647	11160
ENSG00000154723	ENST00000400093	324.0	1179	11194
ENSG00000154723	ENST00000400094	324.0	589	10425
ENSG00000154723	ENST00000400099	357.0	492	18525
ENSG00000154723	ENST00000457143	348.0	589	10554
ENSG00000154727	ENST00000354828	1362.0	5120	37891
ENSG00000154727	ENST00000400075	1362.0	5226	37489
ENSG00000154734	ENST00000284984	2901.0	5183	9655
ENSG00000154734	ENST00000451462	2115.0	3541	7254
ENSG00000154734	ENST00000517777	2115.0	4180	7224
ENSG00000154734	ENST00000676955	2733.0	4975	9615
ENSG00000154734	ENST00000677958	1719.0	5105	9615
ENSG00000154734	ENST00000678221	2115.0	4042	7279
ENSG00000154734	ENST00000679152	2187.0	3502	7491
ENSG00000154736	ENST00000284987	2790.0	9621	49167
ENSG00000154736	ENST00000652031	592.0	3593	42995
ENSG00000155304	ENST00000285667	1413.0	3945	12032
ENSG00000155307	ENST00000285670	1323.0	2184	98174
ENSG00000155307	ENST00000400564	615.0	1382	61114
ENSG00000155307	ENST00000400566	1119.0	1860	61088
ENSG00000155307	ENST00000619120	912.0	2028	61132
ENSG00000155307	ENST00000647101	2007.0	2744	173594
ENSG00000155313	ENST00000285679	3165.0	3973	148887
ENSG00000155313	ENST00000285681	3261.0	5216	150034
ENSG00000155313	ENST00000351097	1350.0	2158	148887
ENSG00000155313	ENST00000400183	3375.0	5379	150083
ENSG00000155313	ENST00000449491	687.0	687	32001
ENSG00000155313	ENST00000453553	611.0	611	8370
ENSG00000156239	ENST00000303775	642.0	4861	13177
ENSG00000156239	ENST00000351429	558.0	4781	13181
ENSG00000156239	ENST00000460212	642.0	1293	13181
ENSG00000156253	ENST00000493196	957.0	3065	14966
ENSG00000156256	ENST00000334352	2469.0	3004	29838
ENSG00000156256	ENST00000399973	323.0	581	10264
ENSG00000156256	ENST00000399975	2466.0	2960	29860
ENSG00000156256	ENST00000399976	2469.0	2924	29821
ENSG00000156261	ENST00000286788	1644.0	1854	17323
ENSG00000156261	ENST00000431234	968.0	968	11357
ENSG00000156261	ENST00000432178	319.0	556	5572
ENSG00000156261	ENST00000540844	1425.0	1927	17476
ENSG00000156261	ENST00000626972	1587.0	1862	17023
ENSG00000156265	ENST00000339024	426.0	2066	83636
ENSG00000156265	ENST00000341618	726.0	1855	98257
ENSG00000156265	ENST00000399925	426.0	692	44066
ENSG00000156265	ENST00000399926	426.0	749	44377
ENSG00000156265	ENST00000399928	426.0	1743	45244
ENSG00000156265	ENST00000399934	426.0	1964	98257
ENSG00000156265	ENST00000399935	426.0	2093	98257
ENSG00000156265	ENST00000399947	726.0	2003	95338
ENSG00000156265	ENST00000419845	133.0	577	14102
ENSG00000156265	ENST00000451489	282.0	556	43489
ENSG00000156265	ENST00000545939	408.0	1407	66757
ENSG00000156265	ENST00000710354	372.0	2370	98628
ENSG00000156273	ENST00000286800	2208.0	5618	47227
ENSG00000156273	ENST00000399921	2208.0	5769	46733
ENSG00000156273	ENST00000422809	652.0	850	303623
ENSG00000156273	ENST00000435072	512.0	692	21134
ENSG00000156273	ENST00000447177	660.0	751	25683
ENSG00000156273	ENST00000451655	674.0	777	26366
ENSG00000156273	ENST00000468059	412.0	663	303476
ENSG00000156273	ENST00000546469	75.0	485	127209
ENSG00000156273	ENST00000547141	75.0	315	127209
ENSG00000156273	ENST00000548219	75.0	325	127285
ENSG00000156273	ENST00000548467	75.0	217	21673
ENSG00000156273	ENST00000550131	75.0	349	127209
ENSG00000156282	ENST00000286808	672.0	1241	1241
ENSG00000156284	ENST00000399899	675.0	2092	2092
ENSG00000156299	ENST00000286827	4773.0	7200	440562
ENSG00000156299	ENST00000423206	395.0	523	11804
ENSG00000156299	ENST00000455508	4593.0	4654	156411
ENSG00000156299	ENST00000541036	4773.0	7218	225844
ENSG00000156299	ENST00000636887	1872.0	4160	42452
ENSG00000156299	ENST00000698169	4356.0	7317	225855
ENSG00000156304	ENST00000286835	3441.0	4269	61119
ENSG00000156304	ENST00000399804	3375.0	4127	61043
ENSG00000156304	ENST00000434667	3396.0	3846	60741
ENSG00000157538	ENST00000309117	891.0	3056	43913
ENSG00000157538	ENST00000398998	747.0	988	41989
ENSG00000157538	ENST00000399001	516.0	821	42053
ENSG00000157538	ENST00000476950	810.0	937	41875
ENSG00000157540	ENST00000338785	1752.0	5518	147821
ENSG00000157540	ENST00000398956	1587.0	1590	91580
ENSG00000157540	ENST00000398960	2289.0	2782	137828
ENSG00000157540	ENST00000426672	543.0	693	118435
ENSG00000157540	ENST00000455097	69.0	364	52531
ENSG00000157540	ENST00000642309	1200.0	1709	85046
ENSG00000157540	ENST00000643551	332.0	525	112654
ENSG00000157540	ENST00000643624	2262.0	2881	145367
ENSG00000157540	ENST00000643854	1200.0	1456	85059
ENSG00000157540	ENST00000644942	2289.0	3137	145672
ENSG00000157540	ENST00000645424	1575.0	1654	86004
ENSG00000157540	ENST00000645774	1559.0	1764	85227
ENSG00000157540	ENST00000646523	1815.0	2153	146482
ENSG00000157540	ENST00000646548	2262.0	17562	107454
ENSG00000157540	ENST00000647188	2262.0	17024	159586
ENSG00000157540	ENST00000647425	2262.0	2737	146742
ENSG00000157540	ENST00000647504	2175.0	5591	148239
ENSG00000157542	ENST00000609713	1269.0	19659	309085
ENSG00000157542	ENST00000645093	1269.0	3219	497787
ENSG00000157551	ENST00000328656	1125.0	8399	50617
ENSG00000157551	ENST00000398925	184.0	532	42705
ENSG00000157551	ENST00000398927	470.0	665	3175
ENSG00000157551	ENST00000398928	470.0	715	42991
ENSG00000157551	ENST00000398930	1125.0	2914	29399
ENSG00000157551	ENST00000398932	1125.0	2747	29241
ENSG00000157551	ENST00000398934	1125.0	2815	29403
ENSG00000157551	ENST00000398938	1125.0	8407	50367
ENSG00000157551	ENST00000417042	58.0	727	42445
ENSG00000157551	ENST00000419868	417.0	521	2753
ENSG00000157551	ENST00000438657	736.0	1115	27703
ENSG00000157551	ENST00000443341	119.0	711	42639
ENSG00000157551	ENST00000547341	145.0	595	142373
ENSG00000157551	ENST00000547595	145.0	313	142373
ENSG00000157551	ENST00000548700	145.0	304	142373
ENSG00000157551	ENST00000549158	76.0	626	142304
ENSG00000157551	ENST00000549805	145.0	740	142373
ENSG00000157551	ENST00000549932	145.0	555	142373
ENSG00000157551	ENST00000551422	145.0	413	142373
ENSG00000157551	ENST00000612702	1125.0	3046	45125
ENSG00000157551	ENST00000613499	1125.0	3049	45125
ENSG00000157554	ENST00000288319	1437.0	4904	118442
ENSG00000157554	ENST00000398897	1089.0	4651	204874
ENSG00000157554	ENST00000398905	1365.0	4806	118416
ENSG00000157554	ENST00000398907	1368.0	4809	118416
ENSG00000157554	ENST00000398910	1389.0	4954	281668
ENSG00000157554	ENST00000398911	1386.0	4914	204919
ENSG00000157554	ENST00000398919	1458.0	1868	277377
ENSG00000157554	ENST00000417133	1458.0	5023	281668
ENSG00000157554	ENST00000442448	1386.0	5034	281751
ENSG00000157554	ENST00000453032	1161.0	1595	115351
ENSG00000157557	ENST00000360214	1407.0	4060	19773
ENSG00000157557	ENST00000360938	1407.0	3668	19027
ENSG00000157557	ENST00000432278	505.0	1033	9031
ENSG00000157557	ENST00000456966	811.0	972	9011
ENSG00000157557	ENST00000653642	1407.0	3619	16835
ENSG00000157557	ENST00000662305	1407.0	2351	14381
ENSG00000157557	ENST00000665212	347.0	530	9566
ENSG00000157557	ENST00000666778	1407.0	3713	18954
ENSG00000157557	ENST00000667466	1512.0	3788	19042
ENSG00000157578	ENST00000288350	2010.0	2533	40051
ENSG00000157578	ENST00000358268	2010.0	2564	39874
ENSG00000157578	ENST00000380671	2010.0	2080	22679
ENSG00000157578	ENST00000411566	279.0	808	17519
ENSG00000157578	ENST00000415863	209.0	706	17485
ENSG00000157578	ENST00000418018	568.0	885	22516
ENSG00000157578	ENST00000426783	189.0	690	17465
ENSG00000157578	ENST00000434281	286.0	523	17596
ENSG00000157578	ENST00000438404	284.0	849	17510
ENSG00000157578	ENST00000448288	322.0	804	17607
ENSG00000157578	ENST00000451131	32.0	657	17291
ENSG00000157578	ENST00000456017	92.0	612	17379
ENSG00000157578	ENST00000485895	864.0	2551	24218
ENSG00000157601	ENST00000288383	1962.0	2777	32999
ENSG00000157601	ENST00000398598	1986.0	2776	32974
ENSG00000157601	ENST00000398600	1986.0	3470	38700
ENSG00000157601	ENST00000413778	1986.0	2672	37430
ENSG00000157601	ENST00000417963	1986.0	2303	32581
ENSG00000157601	ENST00000419044	1986.0	3516	33816
ENSG00000157601	ENST00000424365	1827.0	2701	33058
ENSG00000157601	ENST00000455164	1986.0	2810	33183
ENSG00000157601	ENST00000619682	1524.0	1980	27164
ENSG00000157601	ENST00000679386	1872.0	3964	43871
ENSG00000157601	ENST00000679408	1827.0	2687	32910
ENSG00000157601	ENST00000679445	1986.0	3576	39320
ENSG00000157601	ENST00000679464	1986.0	3653	39359
ENSG00000157601	ENST00000679543	1986.0	3309	33048
ENSG00000157601	ENST00000679626	1986.0	3699	39028
ENSG00000157601	ENST00000679705	1986.0	3256	33537
ENSG00000157601	ENST00000679911	1986.0	3690	39618
ENSG00000157601	ENST00000680176	1986.0	3302	33397
ENSG00000157601	ENST00000680182	1986.0	3649	39359
ENSG00000157601	ENST00000680347	1986.0	3553	39480
ENSG00000157601	ENST00000680364	1986.0	3310	33030
ENSG00000157601	ENST00000680536	1986.0	3205	33368
ENSG00000157601	ENST00000680629	1986.0	3144	33399
ENSG00000157601	ENST00000680760	1986.0	3203	33397
ENSG00000157601	ENST00000680776	1986.0	3325	33389
ENSG00000157601	ENST00000680942	1917.0	2732	32999
ENSG00000157601	ENST00000681039	1986.0	3428	33343
ENSG00000157601	ENST00000681191	1986.0	3640	39352
ENSG00000157601	ENST00000681266	1986.0	3288	33467
ENSG00000157601	ENST00000681415	1986.0	3752	39359
ENSG00000157601	ENST00000681607	1986.0	3289	33382
ENSG00000157601	ENST00000681671	1986.0	3298	33343
ENSG00000157601	ENST00000681849	1986.0	3251	33548
ENSG00000157601	ENST00000681857	1986.0	3488	39299
ENSG00000157601	ENST00000681867	1986.0	3527	39435
ENSG00000157601	ENST00000681896	1986.0	3125	33399
ENSG00000157601	ENST00000681944	1440.0	2724	32999
ENSG00000157617	ENST00000329623	1623.0	5844	41579
ENSG00000157617	ENST00000380486	2088.0	6473	68907
ENSG00000157617	ENST00000449165	544.0	4559	16541
ENSG00000159055	ENST00000290130	699.0	1546	10822
ENSG00000159079	ENST00000290155	870.0	3516	13024
ENSG00000159079	ENST00000300260	414.0	1243	10819
ENSG00000159079	ENST00000382549	735.0	2503	10920
ENSG00000159079	ENST00000425336	349.0	873	2498
ENSG00000159079	ENST00000431599	236.0	417	11159
ENSG00000159079	ENST00000440966	774.0	1082	10686
ENSG00000159079	ENST00000458138	551.0	863	9331
ENSG00000159082	ENST00000357345	3885.0	7059	99181
ENSG00000159082	ENST00000382491	3792.0	6958	99282
ENSG00000159082	ENST00000382499	4050.0	7099	99282
ENSG00000159082	ENST00000418301	392.0	422	10168
ENSG00000159082	ENST00000429236	2087.0	2212	61954
ENSG00000159082	ENST00000433931	4836.0	7075	99282
ENSG00000159082	ENST00000438952	559.0	3604	16948
ENSG00000159082	ENST00000456084	536.0	583	31717
ENSG00000159082	ENST00000630077	4578.0	6920	99159
ENSG00000159082	ENST00000674204	3933.0	7085	99159
ENSG00000159082	ENST00000674308	4719.0	7044	99251
ENSG00000159082	ENST00000674351	3933.0	7068	99251
ENSG00000159086	ENST00000290178	2445.0	2564	30276
ENSG00000159086	ENST00000331923	2751.0	3892	37857
ENSG00000159086	ENST00000421049	108.0	339	6753
ENSG00000159086	ENST00000443785	1533.0	2920	36868
ENSG00000159086	ENST00000445049	75.0	473	1850
ENSG00000159110	ENST00000342101	717.0	2606	34390
ENSG00000159110	ENST00000342136	1545.0	4074	35727
ENSG00000159110	ENST00000382238	591.0	1127	32715
ENSG00000159110	ENST00000382264	993.0	1389	32856
ENSG00000159110	ENST00000404220	993.0	4284	35705
ENSG00000159110	ENST00000413881	501.0	710	32674
ENSG00000159110	ENST00000417007	162.0	719	14014
ENSG00000159110	ENST00000443073	687.0	841	32674
ENSG00000159110	ENST00000447980	612.0	726	18446
ENSG00000159110	ENST00000682044	143.0	523	1940
ENSG00000159110	ENST00000683941	1545.0	3872	60383
ENSG00000159128	ENST00000290219	1011.0	1699	34104
ENSG00000159128	ENST00000381995	1068.0	1742	34090
ENSG00000159128	ENST00000405436	774.0	1684	34037
ENSG00000159128	ENST00000421802	179.0	727	47030
ENSG00000159128	ENST00000439213	210.0	906	28790
ENSG00000159128	ENST00000545369	111.0	966	33504
ENSG00000159128	ENST00000696724	1002.0	1530	22568
ENSG00000159131	ENST00000361093	1299.0	2149	18106
ENSG00000159131	ENST00000366093	434.0	805	6365
ENSG00000159131	ENST00000381815	3030.0	3318	38185
ENSG00000159131	ENST00000381831	3030.0	3490	38912
ENSG00000159131	ENST00000381839	3030.0	3469	38931
ENSG00000159131	ENST00000424203	918.0	3571	38960
ENSG00000159131	ENST00000426819	695.0	837	12007
ENSG00000159131	ENST00000430874	723.0	1036	12733
ENSG00000159131	ENST00000438059	416.0	697	8242
ENSG00000159131	ENST00000441403	408.0	715	7777
ENSG00000159140	ENST00000300278	6909.0	7477	17604
ENSG00000159140	ENST00000356577	7278.0	8393	34444
ENSG00000159140	ENST00000381679	6324.0	7860	15992
ENSG00000159140	ENST00000381692	1362.0	2463	34430
ENSG00000159140	ENST00000421541	1029.0	1151	12419
ENSG00000159140	ENST00000429093	276.0	684	3039
ENSG00000159140	ENST00000436227	4361.0	5269	25234
ENSG00000159140	ENST00000455528	6975.0	8394	34418
ENSG00000159140	ENST00000457208	290.0	765	9329
ENSG00000159140	ENST00000695559	996.0	2574	34423
ENSG00000159140	ENST00000704334	1461.0	2354	34374
ENSG00000159147	ENST00000303071	1698.0	2500	11134
ENSG00000159147	ENST00000303113	1656.0	2028	13194
ENSG00000159147	ENST00000417871	408.0	1820	10754
ENSG00000159147	ENST00000432378	1485.0	1618	10465
ENSG00000159147	ENST00000437395	1610.0	1719	10434
ENSG00000159147	ENST00000439593	54.0	528	18822
ENSG00000159147	ENST00000440810	703.0	703	6635
ENSG00000159147	ENST00000442660	468.0	1566	9661
ENSG00000159147	ENST00000444517	474.0	1180	9661
ENSG00000159147	ENST00000453626	1524.0	2332	11111
ENSG00000159147	ENST00000457359	630.0	2273	11086
ENSG00000159197	ENST00000290310	369.0	1061	7376
ENSG00000159200	ENST00000313806	756.0	2503	98672
ENSG00000159200	ENST00000381132	591.0	2408	10480
ENSG00000159200	ENST00000381135	831.0	2526	9023
ENSG00000159200	ENST00000399272	513.0	2164	97360
ENSG00000159200	ENST00000443408	351.0	2315	98002
ENSG00000159200	ENST00000481448	726.0	2816	10367
ENSG00000159200	ENST00000482533	351.0	2686	7806
ENSG00000159200	ENST00000487990	351.0	2520	43696
ENSG00000159200	ENST00000492600	615.0	935	5765
ENSG00000159200	ENST00000620920	351.0	2257	8193
ENSG00000159212	ENST00000349499	2058.0	4197	49230
ENSG00000159212	ENST00000360731	2112.0	3860	48839
ENSG00000159216	ENST00000300305	1440.0	6222	261544
ENSG00000159216	ENST00000344691	1359.0	7274	100890
ENSG00000159216	ENST00000358356	750.0	2720	67412
ENSG00000159216	ENST00000399237	769.0	822	55381
ENSG00000159216	ENST00000399240	1167.0	1590	95398
ENSG00000159216	ENST00000416754	97.0	346	156346
ENSG00000159216	ENST00000437180	1440.0	5967	261498
ENSG00000159216	ENST00000455571	420.0	610	168693
ENSG00000159216	ENST00000475045	148.0	1582	1117622
ENSG00000159216	ENST00000482318	114.0	1710	257534
ENSG00000159216	ENST00000675419	1440.0	5971	261502
ENSG00000159228	ENST00000290349	831.0	1208	3141
ENSG00000159228	ENST00000399191	666.0	838	2499
ENSG00000159228	ENST00000439427	534.0	1024	1569
ENSG00000159228	ENST00000530908	519.0	1924	3226
ENSG00000159231	ENST00000290354	831.0	998	11484
ENSG00000159256	ENST00000400485	2817.0	4224	56436
ENSG00000159256	ENST00000546482	573.0	1028	16538
ENSG00000159256	ENST00000549948	573.0	934	16538
ENSG00000159256	ENST00000551788	573.0	867	16538
ENSG00000159256	ENST00000552581	677.0	875	16538
ENSG00000159259	ENST00000314103	1677.0	4466	33624
ENSG00000159261	ENST00000342108	717.0	1453	115949
ENSG00000159261	ENST00000399135	717.0	1784	19502
ENSG00000159261	ENST00000399136	717.0	1330	81980
ENSG00000159261	ENST00000399137	717.0	1942	19470
ENSG00000159261	ENST00000399139	717.0	1231	5821
ENSG00000159263	ENST00000290399	2001.0	4461	50803
ENSG00000159263	ENST00000431229	1438.0	1465	36691
ENSG00000159263	ENST00000483178	219.0	824	8022
ENSG00000159267	ENST00000336648	2178.0	6010	239349
ENSG00000159267	ENST00000399120	2178.0	6466	215282
ENSG00000159267	ENST00000427746	231.0	666	53011
ENSG00000159267	ENST00000448340	277.0	780	43461
ENSG00000159267	ENST00000612277	2178.0	6112	230077
ENSG00000159267	ENST00000674895	2619.0	8273	218044
ENSG00000159267	ENST00000675057	1812.0	4903	238163
ENSG00000159267	ENST00000675307	2178.0	4757	228725
ENSG00000160179	ENST00000343687	2031.0	3037	77424
ENSG00000160179	ENST00000347800	1989.0	2923	81168
ENSG00000160179	ENST00000361802	2034.0	3034	78127
ENSG00000160179	ENST00000398437	2472.0	3475	41161
ENSG00000160179	ENST00000398449	1998.0	2976	78105
ENSG00000160179	ENST00000398457	2004.0	3119	97556
ENSG00000160179	ENST00000450121	772.0	918	65532
ENSG00000160180	ENST00000398431	373.0	452	3284
ENSG00000160180	ENST00000518498	240.0	867	3743
ENSG00000160181	ENST00000291526	387.0	603	4638
ENSG00000160182	ENST00000291527	252.0	492	4254
ENSG00000160183	ENST00000398397	1032.0	1342	14216
ENSG00000160183	ENST00000398405	1353.0	2754	24054
ENSG00000160183	ENST00000433957	1362.0	2402	24166
ENSG00000160183	ENST00000644384	1359.0	2396	24163
ENSG00000160183	ENST00000652415	1359.0	2544	24121
ENSG00000160185	ENST00000291535	1869.0	2005	43382
ENSG00000160185	ENST00000319294	1983.0	2520	43783
ENSG00000160185	ENST00000398367	1578.0	1733	43327
ENSG00000160185	ENST00000473381	1353.0	2754	43614
ENSG00000160185	ENST00000634718	114.0	696	9294
ENSG00000160185	ENST00000635108	165.0	572	9328
ENSG00000160185	ENST00000635189	507.0	567	9730
ENSG00000160185	ENST00000635325	1563.0	2095	43314
ENSG00000160188	ENST00000291536	927.0	1300	23739
ENSG00000160188	ENST00000398352	813.0	937	23490
ENSG00000160190	ENST00000352133	1599.0	3712	67575
ENSG00000160190	ENST00000398341	1599.0	3094	81809
ENSG00000160190	ENST00000398343	56.0	494	3987
ENSG00000160190	ENST00000419522	56.0	568	22493
ENSG00000160191	ENST00000291539	1779.0	2192	121889
ENSG00000160191	ENST00000328862	1701.0	1956	121731
ENSG00000160191	ENST00000335440	1473.0	1728	121731
ENSG00000160191	ENST00000335512	1599.0	1883	121760
ENSG00000160191	ENST00000349112	1395.0	1616	121697
ENSG00000160191	ENST00000380328	1620.0	1875	121731
ENSG00000160191	ENST00000398224	1398.0	1671	121697
ENSG00000160191	ENST00000398225	1656.0	1963	121731
ENSG00000160191	ENST00000398227	1299.0	1606	121731
ENSG00000160191	ENST00000398229	1377.0	1684	121731
ENSG00000160191	ENST00000398232	1578.0	1885	121731
ENSG00000160191	ENST00000398234	1476.0	1783	121731
ENSG00000160191	ENST00000398236	1521.0	1776	121731
ENSG00000160193	ENST00000330317	1236.0	1471	36438
ENSG00000160193	ENST00000398208	1236.0	2106	30314
ENSG00000160194	ENST00000340344	324.0	4676	20037
ENSG00000160194	ENST00000354250	1419.0	5725	19991
ENSG00000160199	ENST00000291547	1308.0	5300	59370
ENSG00000160199	ENST00000432907	957.0	5180	59422
ENSG00000160199	ENST00000560448	183.0	1429	26010
ENSG00000160200	ENST00000352178	1653.0	2583	23188
ENSG00000160200	ENST00000359624	1653.0	2353	23172
ENSG00000160200	ENST00000398158	1653.0	2453	22641
ENSG00000160200	ENST00000398165	1653.0	2495	22645
ENSG00000160200	ENST00000430013	671.0	828	4949
ENSG00000160200	ENST00000441030	531.0	819	11328
ENSG00000160200	ENST00000451248	445.0	573	5187
ENSG00000160200	ENST00000458223	476.0	676	3372
ENSG00000160201	ENST00000291552	720.0	945	14615
ENSG00000160201	ENST00000380276	720.0	940	14610
ENSG00000160201	ENST00000459639	501.0	1675	12297
ENSG00000160201	ENST00000464750	225.0	966	14569
ENSG00000160201	ENST00000486519	135.0	682	14381
ENSG00000160202	ENST00000291554	519.0	1139	3798
ENSG00000160202	ENST00000398132	408.0	826	2364
ENSG00000160202	ENST00000398133	459.0	600	2694
ENSG00000160207	ENST00000291560	1002.0	1900	130303
ENSG00000160207	ENST00000443485	680.0	989	45620
ENSG00000160208	ENST00000340648	2274.0	5078	36520
ENSG00000160209	ENST00000291565	936.0	7341	43171
ENSG00000160209	ENST00000327574	444.0	2583	9962
ENSG00000160209	ENST00000398081	261.0	2251	19768
ENSG00000160209	ENST00000467908	816.0	7194	20888
ENSG00000160209	ENST00000468090	852.0	7297	43211
ENSG00000160209	ENST00000621478	486.0	1967	4797
ENSG00000160213	ENST00000291568	294.0	588	2359
ENSG00000160213	ENST00000639959	161.0	1855	3728
ENSG00000160213	ENST00000640406	249.0	2354	3798
ENSG00000160214	ENST00000483896	135.0	805	8424
ENSG00000160214	ENST00000497547	1383.0	2958	15717
ENSG00000160216	ENST00000291572	1128.0	6565	122370
ENSG00000160216	ENST00000327505	1128.0	3589	80783
ENSG00000160216	ENST00000398058	1128.0	4338	37744
ENSG00000160216	ENST00000398061	1128.0	3595	102130
ENSG00000160216	ENST00000398063	1128.0	5767	61529
ENSG00000160216	ENST00000422850	767.0	1003	20804
ENSG00000160216	ENST00000445582	384.0	582	52882
ENSG00000160216	ENST00000448287	238.0	454	100764
ENSG00000160216	ENST00000448845	115.0	392	12791
ENSG00000160216	ENST00000457068	767.0	924	24541
ENSG00000160216	ENST00000546158	1128.0	2199	28170
ENSG00000160218	ENST00000291574	3777.0	6986	94244
ENSG00000160218	ENST00000380221	828.0	1763	47944
ENSG00000160218	ENST00000422875	795.0	5267	92409
ENSG00000160221	ENST00000291577	804.0	1584	12029
ENSG00000160221	ENST00000348499	711.0	1506	12044
ENSG00000160221	ENST00000389690	672.0	694	7639
ENSG00000160221	ENST00000419699	572.0	674	9605
ENSG00000160221	ENST00000427803	651.0	1077	7800
ENSG00000160221	ENST00000449622	552.0	1401	58385
ENSG00000160221	ENST00000644251	489.0	1531	69455
ENSG00000160221	ENST00000645487	171.0	1185	64283
ENSG00000160221	ENST00000646873	568.0	2265	74040
ENSG00000160223	ENST00000344330	927.0	1470	18311
ENSG00000160223	ENST00000400377	555.0	3387	14613
ENSG00000160223	ENST00000400379	1419.0	4317	14183
ENSG00000160223	ENST00000407780	906.0	7078	17953
ENSG00000160223	ENST00000643466	1083.0	3887	25562
ENSG00000160223	ENST00000700350	105.0	3513	14144
ENSG00000160223	ENST00000700352	783.0	3103	14101
ENSG00000160223	ENST00000700355	912.0	3089	13462
ENSG00000160223	ENST00000700356	105.0	2938	13477
ENSG00000160223	ENST00000700357	105.0	2697	13472
ENSG00000160223	ENST00000700358	651.0	2558	13474
ENSG00000160223	ENST00000700359	231.0	998	12025
ENSG00000160223	ENST00000700360	643.0	865	10888
ENSG00000160223	ENST00000700361	720.0	3688	8537
ENSG00000160224	ENST00000291582	1635.0	2690	12773
ENSG00000160226	ENST00000325223	765.0	1283	9512
ENSG00000160226	ENST00000339818	768.0	2221	10447
ENSG00000160226	ENST00000397956	1125.0	1634	9503
ENSG00000160233	ENST00000291592	771.0	5845	6687
ENSG00000160255	ENST00000302347	2379.0	2867	34935
ENSG00000160255	ENST00000320216	966.0	966	11564
ENSG00000160255	ENST00000355153	2307.0	2913	42886
ENSG00000160255	ENST00000397846	324.0	422	12910
ENSG00000160255	ENST00000397850	2307.0	3178	42921
ENSG00000160255	ENST00000397852	2307.0	2769	24874
ENSG00000160255	ENST00000397854	2136.0	2592	34903
ENSG00000160255	ENST00000397857	2307.0	2813	25508
ENSG00000160255	ENST00000517563	361.0	571	25216
ENSG00000160255	ENST00000517819	211.0	527	14102
ENSG00000160255	ENST00000520389	279.0	568	17413
ENSG00000160255	ENST00000521995	147.0	556	21706
ENSG00000160255	ENST00000522688	149.0	606	17435
ENSG00000160255	ENST00000522931	480.0	573	10900
ENSG00000160255	ENST00000523323	213.0	2823	34920
ENSG00000160255	ENST00000523663	499.0	680	7813
ENSG00000160255	ENST00000524251	111.0	568	13975
ENSG00000160255	ENST00000652462	2307.0	2807	34947
ENSG00000160256	ENST00000291634	690.0	892	36945
ENSG00000160256	ENST00000397826	645.0	847	36945
ENSG00000160256	ENST00000458015	610.0	643	29240
ENSG00000160282	ENST00000291670	1623.0	1905	19306
ENSG00000160282	ENST00000397743	1485.0	1834	18789
ENSG00000160282	ENST00000397746	1623.0	1890	18801
ENSG00000160282	ENST00000397748	1716.0	1955	19306
ENSG00000160282	ENST00000446405	398.0	436	1794
ENSG00000160282	ENST00000460011	159.0	1255	6475
ENSG00000160282	ENST00000494498	357.0	1296	6542
ENSG00000160284	ENST00000291672	1020.0	2304	23300
ENSG00000160284	ENST00000330205	558.0	1182	23329
ENSG00000160285	ENST00000356396	2196.0	2995	40682
ENSG00000160285	ENST00000397728	2196.0	4886	40329
ENSG00000160285	ENST00000419093	406.0	517	6107
ENSG00000160285	ENST00000450351	786.0	853	12380
ENSG00000160285	ENST00000457828	1956.0	4390	39701
ENSG00000160285	ENST00000522411	2163.0	2523	37999
ENSG00000160294	ENST00000291688	5940.0	6403	50479
ENSG00000160294	ENST00000397708	5940.0	6333	51165
ENSG00000160294	ENST00000426537	282.0	876	1180
ENSG00000160298	ENST00000291691	966.0	2970	22741
ENSG00000160298	ENST00000397679	648.0	2900	18004
ENSG00000160298	ENST00000397680	648.0	2624	22724
ENSG00000160298	ENST00000397682	648.0	2941	22746
ENSG00000160298	ENST00000397683	648.0	1674	20396
ENSG00000160298	ENST00000417060	852.0	1072	17696
ENSG00000160298	ENST00000445935	136.0	1931	8999
ENSG00000160298	ENST00000491666	717.0	1196	18026
ENSG00000160299	ENST00000359568	10008.0	10526	121614
ENSG00000160299	ENST00000418394	2323.0	2689	19858
ENSG00000160299	ENST00000466474	1389.0	4037	65512
ENSG00000160299	ENST00000480896	9417.0	10485	120882
ENSG00000160299	ENST00000490468	774.0	1415	25660
ENSG00000160299	ENST00000695526	2138.0	2206	39378
ENSG00000160299	ENST00000695528	4041.0	4468	33852
ENSG00000160299	ENST00000695530	2239.0	2662	19908
ENSG00000160299	ENST00000695558	10041.0	10559	121614
ENSG00000160299	ENST00000703224	927.0	10699	121614
ENSG00000160305	ENST00000400274	4701.0	7023	110810
ENSG00000160305	ENST00000417564	4713.0	7350	111125
ENSG00000160305	ENST00000435722	2523.0	2760	88149
ENSG00000160305	ENST00000457905	2667.0	3044	91161
ENSG00000160305	ENST00000466639	2394.0	2711	88229
ENSG00000160305	ENST00000651436	4743.0	6946	110691
ENSG00000160307	ENST00000291700	276.0	1109	6479
ENSG00000160307	ENST00000367071	282.0	971	6247
ENSG00000160307	ENST00000397648	276.0	839	3613
ENSG00000160310	ENST00000291705	684.0	1011	28832
ENSG00000160310	ENST00000334494	852.0	1334	16666
ENSG00000160310	ENST00000355680	1299.0	2354	29451
ENSG00000160310	ENST00000397628	759.0	954	14220
ENSG00000160310	ENST00000397637	1299.0	2880	29302
ENSG00000160310	ENST00000397638	1299.0	2131	29337
ENSG00000160310	ENST00000440086	993.0	1932	29444
ENSG00000160310	ENST00000451211	867.0	1878	29523
ENSG00000160310	ENST00000455177	581.0	581	8610
ENSG00000160310	ENST00000458387	903.0	1874	29523
ENSG00000166265	ENST00000299340	462.0	3072	107047
ENSG00000166265	ENST00000400043	396.0	735	95206
ENSG00000166265	ENST00000652641	465.0	3099	107071
ENSG00000166351	ENST00000299443	1752.0	6464	36047
ENSG00000166351	ENST00000620442	1143.0	1988	15685
ENSG00000166979	ENST00000300255	1323.0	1671	102682
ENSG00000166979	ENST00000382699	1314.0	1668	102688
ENSG00000166979	ENST00000401402	1179.0	1558	102713
ENSG00000166979	ENST00000412833	460.0	936	66804
ENSG00000166979	ENST00000435323	210.0	1601	102953
ENSG00000166979	ENST00000437338	210.0	1745	102953
ENSG00000166979	ENST00000457807	576.0	1548	102837
ENSG00000170262	ENST00000303645	516.0	930	13436
ENSG00000170262	ENST00000339944	306.0	440	15813
ENSG00000170262	ENST00000399784	516.0	1000	20478
ENSG00000171189	ENST00000327783	2847.0	3643	403064
ENSG00000171189	ENST00000389124	2613.0	2712	401827
ENSG00000171189	ENST00000389125	2715.0	3140	402693
ENSG00000171189	ENST00000399907	2754.0	5861	389050
ENSG00000171189	ENST00000399909	2709.0	3427	386661
ENSG00000171189	ENST00000399913	2760.0	3234	402742
ENSG00000171189	ENST00000399914	2802.0	3624	403090
ENSG00000171587	ENST00000400454	6036.0	8571	836160
ENSG00000171587	ENST00000404019	5238.0	5374	340754
ENSG00000171587	ENST00000617870	5541.0	6176	356857
ENSG00000173276	ENST00000310826	3198.0	7452	23530
ENSG00000173276	ENST00000398497	148.0	555	16419
ENSG00000173276	ENST00000398499	3198.0	5806	21730
ENSG00000173276	ENST00000398505	2595.0	6846	23527
ENSG00000173276	ENST00000398511	3198.0	5608	21751
ENSG00000173276	ENST00000425521	356.0	607	14318
ENSG00000173276	ENST00000449949	148.0	463	16410
ENSG00000173638	ENST00000311124	1773.0	4991	29876
ENSG00000173638	ENST00000380010	1467.0	1884	27757
ENSG00000173638	ENST00000417954	806.0	3572	37970
ENSG00000173638	ENST00000427839	547.0	648	10048
ENSG00000173638	ENST00000443742	464.0	777	12527
ENSG00000173638	ENST00000485649	1653.0	1896	19189
ENSG00000173638	ENST00000528477	182.0	580	6625
ENSG00000173638	ENST00000567670	1635.0	2029	46211
ENSG00000173638	ENST00000650808	1467.0	2154	48401
ENSG00000175894	ENST00000323084	2007.0	3958	213680
ENSG00000175894	ENST00000642437	114.0	2790	212450
ENSG00000177398	ENST00000400421	725.0	1106	18755
ENSG00000177398	ENST00000400424	3738.0	5516	80495
ENSG00000177398	ENST00000400427	4122.0	5442	80037
ENSG00000177398	ENST00000408910	3954.0	4879	71680
ENSG00000177398	ENST00000408989	4338.0	5262	71679
ENSG00000177398	ENST00000466434	521.0	1150	18755
ENSG00000177398	ENST00000468982	326.0	1093	18755
ENSG00000177398	ENST00000485357	233.0	1082	18755
ENSG00000177398	ENST00000491559	413.0	1262	18755
ENSG00000177398	ENST00000497243	338.0	917	18755
ENSG00000177692	ENST00000314399	1164.0	1625	3266
ENSG00000177692	ENST00000381947	1164.0	1485	3662
ENSG00000177692	ENST00000402202	1164.0	1480	3473
ENSG00000180509	ENST00000337385	387.0	3347	64652
ENSG00000180509	ENST00000399284	387.0	666	61999
ENSG00000180509	ENST00000399286	387.0	3505	65521
ENSG00000180509	ENST00000399289	387.0	3154	12915
ENSG00000180509	ENST00000416357	387.0	796	6497
ENSG00000180509	ENST00000432085	387.0	3184	12917
ENSG00000180509	ENST00000611936	387.0	3222	64638
ENSG00000180509	ENST00000621601	387.0	3148	13251
ENSG00000180530	ENST00000318948	3474.0	7751	103766
ENSG00000180530	ENST00000400199	3474.0	7562	103700
ENSG00000180530	ENST00000400202	3474.0	7671	103766
ENSG00000180530	ENST00000411932	197.0	720	34373
ENSG00000180530	ENST00000638122	38.0	543	97661
ENSG00000182093	ENST00000380708	420.0	1464	10125
ENSG00000182093	ENST00000380713	349.0	768	7188
ENSG00000182093	ENST00000398753	420.0	699	16659
ENSG00000182093	ENST00000415847	417.0	1178	28918
ENSG00000182093	ENST00000442773	106.0	541	10317
ENSG00000182093	ENST00000466787	207.0	1416	9464
ENSG00000182093	ENST00000478273	43.0	366	17660
ENSG00000182093	ENST00000623703	516.0	1392	33935
ENSG00000182093	ENST00000647678	177.0	1437	18349
ENSG00000182093	ENST00000647911	309.0	2255	48114
ENSG00000182093	ENST00000649100	309.0	3147	35019
ENSG00000182093	ENST00000649170	522.0	1534	17564
ENSG00000182093	ENST00000649224	405.0	1292	17072
ENSG00000182093	ENST00000649499	286.0	2029	37676
ENSG00000182093	ENST00000649822	216.0	1437	17411
ENSG00000182093	ENST00000650376	420.0	1427	18173
ENSG00000182240	ENST00000328735	1188.0	2824	108797
ENSG00000182240	ENST00000330333	1554.0	8567	114371
ENSG00000182240	ENST00000347667	1404.0	8764	114718
ENSG00000182362	ENST00000329319	501.0	1019	11368
ENSG00000182362	ENST00000339195	372.0	890	11368
ENSG00000182362	ENST00000397691	501.0	764	11107
ENSG00000182362	ENST00000397692	237.0	433	11368
ENSG00000182362	ENST00000397694	366.0	534	11340
ENSG00000182362	ENST00000397701	501.0	739	11410
ENSG00000182591	ENST00000332378	489.0	937	937
ENSG00000182670	ENST00000354749	6075.0	9084	117323
ENSG00000182670	ENST00000399010	900.0	2115	25809
ENSG00000182670	ENST00000399017	6075.0	10363	121517
ENSG00000182670	ENST00000411496	6129.0	7775	129733
ENSG00000182670	ENST00000414818	831.0	831	8718
ENSG00000182670	ENST00000418766	6075.0	7842	129854
ENSG00000182670	ENST00000428693	949.0	999	10288
ENSG00000182670	ENST00000438055	3497.0	3606	92499
ENSG00000182670	ENST00000450533	6075.0	7695	129816
ENSG00000182670	ENST00000463216	5145.0	6926	129794
ENSG00000182670	ENST00000479930	600.0	8998	117323
ENSG00000182670	ENST00000481605	2299.0	2691	92440
ENSG00000182670	ENST00000485402	216.0	3626	92508
ENSG00000182670	ENST00000492275	5145.0	6577	129554
ENSG00000182670	ENST00000540756	1836.0	2025	80043
ENSG00000182670	ENST00000696811	6129.0	7021	129807
ENSG00000182670	ENST00000696812	1389.0	6757	129808
ENSG00000182816	ENST00000399889	525.0	882	882
ENSG00000182871	ENST00000342220	2061.0	3386	23446
ENSG00000182871	ENST00000355480	4557.0	5891	58199
ENSG00000182871	ENST00000359759	5262.0	6586	58189
ENSG00000182871	ENST00000423214	839.0	839	6906
ENSG00000182871	ENST00000651438	4017.0	5408	108556
ENSG00000183036	ENST00000328619	186.0	534	61955
ENSG00000183036	ENST00000462224	93.0	683	61959
ENSG00000183067	ENST00000380588	1221.0	2275	56899
ENSG00000183145	ENST00000329553	570.0	2099	12961
ENSG00000183255	ENST00000330938	540.0	2600	24093
ENSG00000183255	ENST00000397886	477.0	755	10527
ENSG00000183255	ENST00000397887	321.0	2413	24125
ENSG00000183255	ENST00000445724	426.0	2497	24318
ENSG00000183421	ENST00000332512	2352.0	3831	27680
ENSG00000183421	ENST00000352483	2496.0	4016	27721
ENSG00000183486	ENST00000330714	2145.0	3408	47367
ENSG00000183486	ENST00000416447	43.0	843	6737
ENSG00000183486	ENST00000418103	603.0	1257	28858
ENSG00000183486	ENST00000435611	2145.0	3485	47323
ENSG00000183486	ENST00000436410	388.0	582	15929
ENSG00000183486	ENST00000481838	287.0	562	9042
ENSG00000183486	ENST00000680862	2145.0	3509	38878
ENSG00000183527	ENST00000331573	864.0	1754	8683
ENSG00000183527	ENST00000380900	801.0	907	7899
ENSG00000183527	ENST00000411828	37.0	959	7700
ENSG00000183527	ENST00000431628	189.0	760	7796
ENSG00000183570	ENST00000400304	1083.0	1086	45413
ENSG00000183570	ENST00000400305	966.0	1717	46185
ENSG00000183570	ENST00000400308	1035.0	1911	92494
ENSG00000183570	ENST00000400309	1110.0	1986	92494
ENSG00000183570	ENST00000400310	1053.0	2168	94292
ENSG00000183570	ENST00000400314	1113.0	2202	298761
ENSG00000183570	ENST00000449640	1083.0	1278	91717
ENSG00000183570	ENST00000549265	16.0	243	2433
ENSG00000183570	ENST00000681687	1113.0	2282	298726
ENSG00000183640	ENST00000329621	189.0	578	578
ENSG00000183778	ENST00000343118	930.0	1185	19108
ENSG00000183778	ENST00000380618	930.0	2763	5563
ENSG00000183778	ENST00000380620	930.0	13170	116696
ENSG00000183778	ENST00000398714	930.0	1293	31202
ENSG00000183778	ENST00000615480	930.0	1290	48622
ENSG00000183778	ENST00000682542	930.0	1416	19108
ENSG00000183778	ENST00000683344	930.0	1524	31202
ENSG00000183778	ENST00000684187	930.0	13097	60198
ENSG00000183778	ENST00000684495	930.0	1455	48448
ENSG00000183844	ENST00000357985	705.0	1317	40927
ENSG00000183844	ENST00000398646	774.0	1026	34612
ENSG00000183844	ENST00000398647	561.0	864	40618
ENSG00000183844	ENST00000398652	822.0	1125	40618
ENSG00000184012	ENST00000332149	1476.0	3450	43854
ENSG00000184012	ENST00000398585	1587.0	3240	43513
ENSG00000184012	ENST00000424093	1356.0	1427	41951
ENSG00000184012	ENST00000454499	1476.0	1913	64975
ENSG00000184012	ENST00000455813	238.0	454	12249
ENSG00000184012	ENST00000458356	1476.0	1877	42150
ENSG00000184012	ENST00000676973	1476.0	4090	43396
ENSG00000184012	ENST00000677680	696.0	3566	43854
ENSG00000184012	ENST00000678171	1494.0	3446	43854
ENSG00000184012	ENST00000678348	1476.0	3832	43853
ENSG00000184012	ENST00000678743	1152.0	3156	43854
ENSG00000184012	ENST00000678959	141.0	3326	43854
ENSG00000184012	ENST00000679016	1269.0	3243	43854
ENSG00000184012	ENST00000679054	1476.0	3945	43842
ENSG00000184012	ENST00000679181	1230.0	3695	33885
ENSG00000184012	ENST00000679263	1635.0	3623	47809
ENSG00000184032	ENST00000330798	195.0	414	414
ENSG00000184221	ENST00000382348	813.0	2273	2273
ENSG00000184221	ENST00000426947	95.0	1083	1449
ENSG00000184351	ENST00000390689	270.0	662	662
ENSG00000184724	ENST00000329122	213.0	500	500
ENSG00000184787	ENST00000330942	411.0	721	30480
ENSG00000184787	ENST00000345496	495.0	3367	33241
ENSG00000184787	ENST00000478200	297.0	637	28279
ENSG00000184787	ENST00000491513	144.0	744	30545
ENSG00000184900	ENST00000332859	309.0	1740	12446
ENSG00000184900	ENST00000397893	441.0	520	9698
ENSG00000184900	ENST00000397898	405.0	1779	12435
ENSG00000184900	ENST00000411651	423.0	1921	12513
ENSG00000185272	ENST00000400577	843.0	1955	12216
ENSG00000185437	ENST00000333634	528.0	1109	63535
ENSG00000185437	ENST00000380631	384.0	780	69266
ENSG00000185437	ENST00000380634	384.0	816	69491
ENSG00000185437	ENST00000380637	384.0	1014	69652
ENSG00000185437	ENST00000423596	243.0	246	49242
ENSG00000185437	ENST00000440288	318.0	585	65776
ENSG00000185437	ENST00000447939	162.0	512	15684
ENSG00000185437	ENST00000452550	409.0	865	63384
ENSG00000185437	ENST00000458295	291.0	812	69396
ENSG00000185437	ENST00000698170	297.0	765	16917
ENSG00000185658	ENST00000333229	6960.0	10141	129644
ENSG00000185658	ENST00000341322	360.0	2495	17206
ENSG00000185658	ENST00000342449	6807.0	17728	128151
ENSG00000185658	ENST00000380800	6597.0	7605	119774
ENSG00000185658	ENST00000412604	1399.0	1756	43495
ENSG00000185658	ENST00000424441	1356.0	1356	27027
ENSG00000185658	ENST00000430093	796.0	1656	43496
ENSG00000185658	ENST00000445245	703.0	1682	43496
ENSG00000185658	ENST00000445668	1225.0	1593	43496
ENSG00000185658	ENST00000446924	1920.0	4990	77696
ENSG00000185658	ENST00000455867	1644.0	1644	43495
ENSG00000185808	ENST00000360525	402.0	707	7698
ENSG00000185808	ENST00000399098	324.0	972	7797
ENSG00000185808	ENST00000399102	402.0	688	7527
ENSG00000185808	ENST00000399103	402.0	656	7638
ENSG00000185808	ENST00000430792	77.0	803	3446
ENSG00000185808	ENST00000464265	474.0	3437	9966
ENSG00000185917	ENST00000332131	1320.0	2991	25986
ENSG00000185917	ENST00000399201	849.0	1212	35704
ENSG00000185917	ENST00000399205	849.0	1208	16628
ENSG00000185917	ENST00000399207	921.0	1160	16548
ENSG00000185917	ENST00000399208	921.0	1165	16679
ENSG00000185917	ENST00000399212	1248.0	3258	25986
ENSG00000185917	ENST00000399215	1320.0	4272	25721
ENSG00000185917	ENST00000424303	694.0	796	14750
ENSG00000185917	ENST00000429161	677.0	745	14683
ENSG00000185917	ENST00000442559	210.0	431	11979
ENSG00000185917	ENST00000443703	201.0	707	6654
ENSG00000185917	ENST00000446166	372.0	754	14663
ENSG00000186866	ENST00000331343	1272.0	4825	23971
ENSG00000186866	ENST00000334538	1140.0	3077	23971
ENSG00000186866	ENST00000349485	1287.0	2861	23961
ENSG00000186866	ENST00000451615	795.0	795	17994
ENSG00000186866	ENST00000612472	636.0	2959	23968
ENSG00000186866	ENST00000615172	423.0	2472	13432
ENSG00000186924	ENST00000334680	144.0	296	296
ENSG00000186925	ENST00000334046	174.0	330	330
ENSG00000186930	ENST00000334897	186.0	313	313
ENSG00000186965	ENST00000334055	156.0	394	394
ENSG00000186967	ENST00000334058	252.0	342	342
ENSG00000186970	ENST00000334067	411.0	595	595
ENSG00000186971	ENST00000334068	480.0	807	807
ENSG00000186977	ENST00000334151	216.0	485	485
ENSG00000186980	ENST00000334160	195.0	208	208
ENSG00000187005	ENST00000335093	237.0	414	414
ENSG00000187026	ENST00000333892	249.0	466	466
ENSG00000187175	ENST00000391617	288.0	588	588
ENSG00000187766	ENST00000334662	777.0	876	876
ENSG00000188155	ENST00000400368	1095.0	1238	1238
ENSG00000188694	ENST00000340345	762.0	1642	1642
ENSG00000188992	ENST00000400211	1125.0	1233	101992
ENSG00000188992	ENST00000536861	1362.0	1511	101999
ENSG00000188992	ENST00000614229	1290.0	1439	101999
ENSG00000188992	ENST00000679868	885.0	1027	101992
ENSG00000188992	ENST00000680487	1104.0	1633	101992
ENSG00000188992	ENST00000680801	1275.0	1424	101999
ENSG00000188992	ENST00000681601	1380.0	1673	102143
ENSG00000189169	ENST00000400365	735.0	873	873
ENSG00000197381	ENST00000348831	2103.0	6902	151981
ENSG00000197381	ENST00000360697	2223.0	6604	54919
ENSG00000197381	ENST00000389861	2103.0	5031	151961
ENSG00000197381	ENST00000389863	2142.0	3563	151961
ENSG00000197381	ENST00000437626	2223.0	5032	151960
ENSG00000197381	ENST00000449478	2223.0	3013	147680
ENSG00000197381	ENST00000492414	2103.0	4913	151961
ENSG00000197381	ENST00000496664	2223.0	5033	151961
ENSG00000197381	ENST00000705392	2250.0	2518	69854
ENSG00000197381	ENST00000705393	2199.0	2792	73491
ENSG00000197683	ENST00000360542	630.0	1192	1192
ENSG00000198390	ENST00000355459	516.0	792	792
ENSG00000198743	ENST00000381151	2154.0	11566	32683
ENSG00000198862	ENST00000361371	5298.0	7677	64734
ENSG00000198862	ENST00000389194	5298.0	7749	64806
ENSG00000198862	ENST00000389195	2301.0	2714	31633
ENSG00000198862	ENST00000483326	1096.0	1753	19867
ENSG00000198862	ENST00000614971	5436.0	7756	64813
ENSG00000205439	ENST00000397907	288.0	410	410
ENSG00000205445	ENST00000391621	765.0	1149	1149
ENSG00000205581	ENST00000288344	144.0	1303	6677
ENSG00000205581	ENST00000380747	348.0	709	6769
ENSG00000205581	ENST00000380748	270.0	829	6362
ENSG00000205581	ENST00000380749	300.0	1271	6774
ENSG00000205581	ENST00000419378	135.0	850	6253
ENSG00000205581	ENST00000431390	135.0	1552	6826
ENSG00000205581	ENST00000436324	132.0	1045	6443
ENSG00000205581	ENST00000443046	132.0	823	6046
ENSG00000205581	ENST00000652622	165.0	1621	6674
ENSG00000205670	ENST00000399292	174.0	840	13645
ENSG00000205670	ENST00000399295	174.0	1074	13550
ENSG00000205670	ENST00000399299	204.0	1033	27278
ENSG00000205670	ENST00000474455	174.0	1857	11066
ENSG00000205670	ENST00000652570	174.0	5529	40905
ENSG00000205726	ENST00000379960	711.0	3026	86529
ENSG00000205726	ENST00000381283	1084.0	1116	53486
ENSG00000205726	ENST00000381284	949.0	949	27658
ENSG00000205726	ENST00000381285	2631.0	6107	246828
ENSG00000205726	ENST00000381291	3660.0	5437	196017
ENSG00000205726	ENST00000381318	5163.0	16972	257361
ENSG00000205726	ENST00000399338	3060.0	3115	98805
ENSG00000205726	ENST00000399349	3432.0	5191	195999
ENSG00000205726	ENST00000399352	3645.0	5408	196003
ENSG00000205726	ENST00000399353	3534.0	3913	194619
ENSG00000205726	ENST00000399355	3447.0	4003	194796
ENSG00000205726	ENST00000399367	5148.0	5722	246126
ENSG00000205726	ENST00000415023	519.0	519	10995
ENSG00000205726	ENST00000419241	231.0	779	19863
ENSG00000205726	ENST00000420666	197.0	422	11020
ENSG00000205726	ENST00000437126	229.0	514	16014
ENSG00000205726	ENST00000440794	778.0	936	17814
ENSG00000205726	ENST00000444491	346.0	827	92753
ENSG00000205726	ENST00000451686	235.0	501	92552
ENSG00000205726	ENST00000456489	178.0	485	586
ENSG00000205758	ENST00000290244	1002.0	1685	52533
ENSG00000205758	ENST00000361534	975.0	2224	47253
ENSG00000205758	ENST00000381540	966.0	1482	52281
ENSG00000205758	ENST00000381554	1047.0	1598	52401
ENSG00000205758	ENST00000399442	72.0	612	1977
ENSG00000205758	ENST00000413017	339.0	627	25436
ENSG00000205758	ENST00000414079	291.0	408	7387
ENSG00000205758	ENST00000417979	322.0	504	39398
ENSG00000205758	ENST00000420072	594.0	2558	47677
ENSG00000205758	ENST00000426935	474.0	629	42550
ENSG00000205758	ENST00000429827	549.0	1935	47099
ENSG00000205758	ENST00000431177	544.0	607	31436
ENSG00000205758	ENST00000437996	49.0	595	12497
ENSG00000205758	ENST00000438788	59.0	620	12434
ENSG00000205758	ENST00000440526	721.0	1026	26912
ENSG00000205758	ENST00000441940	332.0	535	7857
ENSG00000205758	ENST00000445393	591.0	824	52114
ENSG00000205758	ENST00000452420	286.0	1556	24093
ENSG00000205927	ENST00000333337	969.0	3262	3262
ENSG00000205927	ENST00000382357	969.0	2477	3251
ENSG00000205927	ENST00000430860	187.0	575	1115
ENSG00000205929	ENST00000382373	798.0	878	20005
ENSG00000205929	ENST00000479548	657.0	4081	23031
ENSG00000205929	ENST00000487113	657.0	1009	20115
ENSG00000205929	ENST00000490358	657.0	1155	20180
ENSG00000206102	ENST00000382822	189.0	318	318
ENSG00000206104	ENST00000382826	132.0	273	273
ENSG00000206105	ENST00000382828	132.0	224	224
ENSG00000206106	ENST00000382830	135.0	293	293
ENSG00000206107	ENST00000382835	621.0	682	682
ENSG00000212933	ENST00000391618	336.0	447	447
ENSG00000212935	ENST00000391620	663.0	1006	1006
ENSG00000212938	ENST00000391624	330.0	636	636
ENSG00000215454	ENST00000400374	1203.0	1643	1643
ENSG00000215455	ENST00000400375	846.0	1215	1215
ENSG00000221837	ENST00000397911	876.0	1286	1286
ENSG00000221859	ENST00000380095	753.0	1100	1100
ENSG00000221864	ENST00000360770	438.0	739	739
ENSG00000222018	ENST00000410005	753.0	961	961
ENSG00000231068	ENST00000444335	174.0	253	253
ENSG00000232263	ENST00000416044	306.0	370	370
ENSG00000233056	ENST00000447535	480.0	2774	8828
ENSG00000234289	ENST00000599962	378.0	467	467
ENSG00000240432	ENST00000390690	516.0	547	547
ENSG00000241123	ENST00000400372	813.0	1150	1150
ENSG00000241837	ENST00000290299	639.0	756	12352
ENSG00000241837	ENST00000417181	120.0	462	3957
ENSG00000241837	ENST00000418933	256.0	415	5640
ENSG00000241837	ENST00000429064	76.0	442	3960
ENSG00000241837	ENST00000431254	220.0	583	12309
ENSG00000241837	ENST00000652380	465.0	816	12360
ENSG00000241945	ENST00000291576	2757.0	3188	23783
ENSG00000241945	ENST00000456705	560.0	604	8372
ENSG00000242220	ENST00000300258	645.0	3805	11803
ENSG00000242220	ENST00000472557	387.0	744	8887
ENSG00000242220	ENST00000582575	573.0	635	10525
ENSG00000242220	ENST00000673699	264.0	1368	7741
ENSG00000242220	ENST00000673793	372.0	904	8827
ENSG00000242220	ENST00000674141	367.0	1374	15983
ENSG00000242220	ENST00000674156	645.0	898	8853
ENSG00000243489	ENST00000334670	894.0	1237	1237
ENSG00000243627	ENST00000450895	417.0	1035	5237
ENSG00000243646	ENST00000290200	975.0	1941	30855
ENSG00000243646	ENST00000422891	213.0	786	29858
ENSG00000243646	ENST00000451065	648.0	898	19739
ENSG00000243646	ENST00000609556	939.0	4107	45022
ENSG00000243646	ENST00000637650	807.0	2092	43798
ENSG00000243927	ENST00000399312	375.0	931	69453
ENSG00000244025	ENST00000334063	243.0	552	552
ENSG00000244362	ENST00000334849	189.0	440	440
ENSG00000244624	ENST00000334664	168.0	275	275
ENSG00000249209	ENST00000429238	727.0	1078	346921
ENSG00000249624	ENST00000432231	335.0	753	34498
ENSG00000249624	ENST00000433395	1635.0	2112	66578
ENSG00000249624	ENST00000646150	1545.0	3770	67260
ENSG00000249624	ENST00000682009	711.0	2941	67243
ENSG00000249624	ENST00000683116	1545.0	3943	67269
ENSG00000265590	ENST00000431216	891.0	891	33325
ENSG00000265590	ENST00000553001	756.0	1624	32055
ENSG00000265590	ENST00000673072	1038.0	2261	40015
ENSG00000265590	ENST00000673633	1038.0	4127	84331
ENSG00000265590	ENST00000673694	565.0	2162	37535
ENSG00000265590	ENST00000673722	1038.0	3226	80247
ENSG00000265590	ENST00000673727	1038.0	3316	45909
ENSG00000265590	ENST00000673740	572.0	1369	201682
ENSG00000265590	ENST00000673807	1167.0	4781	39081
ENSG00000265590	ENST00000673870	401.0	401	25475
ENSG00000265590	ENST00000673879	1167.0	4423	45947
ENSG00000265590	ENST00000673900	1038.0	3712	45914
ENSG00000265590	ENST00000673945	951.0	3883	38399
ENSG00000265590	ENST00000673984	424.0	1867	70604
ENSG00000265590	ENST00000673985	1119.0	3001	46145
ENSG00000265590	ENST00000674025	1167.0	7312	48865
ENSG00000265590	ENST00000674042	1167.0	6047	73611
ENSG00000265590	ENST00000674072	1038.0	2129	115144
ENSG00000265590	ENST00000674122	801.0	2360	116235
ENSG00000265590	ENST00000674123	873.0	3945	80198
ENSG00000272804	ENST00000609664	1110.0	1578	1578
ENSG00000274391	ENST00000427445	1539.0	2036	84142
ENSG00000274391	ENST00000612746	1239.0	1874	84142
ENSG00000274391	ENST00000612957	422.0	755	46128
ENSG00000274391	ENST00000618007	1653.0	2142	84134
ENSG00000274391	ENST00000622113	1599.0	2542	84588
ENSG00000274749	ENST00000621162	261.0	721	721
ENSG00000277282	ENST00000622028	353.0	353	436
ENSG00000285815	ENST00000647779	819.0	1328	135175
ENSG00000285815	ENST00000648253	519.0	1925	134973
ENSG00000286224	ENST00000652508	201.0	204	204
ENSG00000288593	ENST00000674444	120.0	453	19755
ENSG00000288711	ENST00000684114	508.0	847	103765
ENSG00000288711	ENST00000684541	441.0	923	15744
ENSG00000141956	ENST00000465955	0.0	502	1491
ENSG00000141956	ENST00000470586	0.0	2283	12242
ENSG00000141956	ENST00000477633	0.0	466	3067
ENSG00000141956	ENST00000486812	0.0	7072	16738
ENSG00000141956	ENST00000489661	0.0	856	10918
ENSG00000141956	ENST00000495217	0.0	703	16890
ENSG00000141956	ENST00000496124	0.0	435	8612
ENSG00000141959	ENST00000460020	0.0	890	4703
ENSG00000141959	ENST00000460521	0.0	2818	6800
ENSG00000141959	ENST00000466134	0.0	5986	27281
ENSG00000141959	ENST00000467315	0.0	1947	7510
ENSG00000141959	ENST00000474114	0.0	6007	11850
ENSG00000141959	ENST00000491298	0.0	819	8761
ENSG00000141959	ENST00000495274	0.0	951	2674
ENSG00000141959	ENST00000496824	0.0	1063	16273
ENSG00000141959	ENST00000498841	0.0	3122	7754
ENSG00000142149	ENST00000465574	0.0	832	21750
ENSG00000142156	ENST00000463060	0.0	1471	3068
ENSG00000142156	ENST00000466285	0.0	500	1529
ENSG00000142156	ENST00000486023	0.0	968	1618
ENSG00000142156	ENST00000492851	0.0	435	525
ENSG00000142156	ENST00000498614	0.0	2358	3854
ENSG00000142156	ENST00000683550	0.0	505	4496
ENSG00000142166	ENST00000700045	0.0	1519	28078
ENSG00000142166	ENST00000700085	0.0	2659	4191
ENSG00000142166	ENST00000700086	0.0	5856	16728
ENSG00000142166	ENST00000700087	0.0	4338	23855
ENSG00000142166	ENST00000700099	0.0	1948	17691
ENSG00000142166	ENST00000700301	0.0	1500	24845
ENSG00000142166	ENST00000703776	0.0	1650	5038
ENSG00000142166	ENST00000703778	0.0	782	24136
ENSG00000142168	ENST00000470944	0.0	1746	9223
ENSG00000142168	ENST00000476106	0.0	586	7649
ENSG00000142173	ENST00000460886	0.0	306	532
ENSG00000142173	ENST00000485591	0.0	777	3905
ENSG00000142178	ENST00000478426	0.0	515	894
ENSG00000142178	ENST00000644276	0.0	471	1787
ENSG00000142178	ENST00000644689	0.0	570	1675
ENSG00000142178	ENST00000644871	0.0	249	629
ENSG00000142182	ENST00000436357	0.0	603	4900
ENSG00000142185	ENST00000490982	0.0	904	16319
ENSG00000142185	ENST00000498430	0.0	5228	73961
ENSG00000142188	ENST00000459909	0.0	618	11529
ENSG00000142188	ENST00000468874	0.0	724	12306
ENSG00000142188	ENST00000470682	0.0	364	16613
ENSG00000142188	ENST00000474272	0.0	518	2118
ENSG00000142188	ENST00000484377	0.0	695	16480
ENSG00000142192	ENST00000462267	0.0	667	22573
ENSG00000142192	ENST00000463070	0.0	582	31581
ENSG00000142192	ENST00000464867	0.0	816	16470
ENSG00000142192	ENST00000466453	0.0	374	57445
ENSG00000142192	ENST00000474136	0.0	1309	161151
ENSG00000142192	ENST00000491395	0.0	619	53831
ENSG00000142192	ENST00000548570	0.0	361	17179
ENSG00000142192	ENST00000707132	0.0	3415	290209
ENSG00000142192	ENST00000707133	0.0	1830	44593
ENSG00000142192	ENST00000707134	0.0	2090	89959
ENSG00000142197	ENST00000463668	0.0	2178	15615
ENSG00000142197	ENST00000492760	0.0	400	47213
ENSG00000142207	ENST00000480196	0.0	479	1222
ENSG00000142207	ENST00000492603	0.0	551	1422
ENSG00000154640	ENST00000464058	0.0	531	4077
ENSG00000154640	ENST00000471860	0.0	718	5002
ENSG00000154640	ENST00000496601	0.0	378	6413
ENSG00000154642	ENST00000482915	0.0	665	1642
ENSG00000154642	ENST00000493464	0.0	744	22625
ENSG00000154654	ENST00000461281	0.0	582	48402
ENSG00000154654	ENST00000484983	0.0	340	5043
ENSG00000154654	ENST00000486367	0.0	583	52849
ENSG00000154721	ENST00000471689	0.0	614	2871
ENSG00000154721	ENST00000477351	0.0	311	3352
ENSG00000154721	ENST00000492962	0.0	946	8002
ENSG00000154723	ENST00000486002	0.0	876	10207
ENSG00000154727	ENST00000487266	0.0	780	16960
ENSG00000154734	ENST00000464589	0.0	4718	5425
ENSG00000154734	ENST00000492656	0.0	1153	2397
ENSG00000154734	ENST00000679316	0.0	5814	9100
ENSG00000155304	ENST00000478035	0.0	620	5143
ENSG00000155307	ENST00000400562	0.0	808	65102
ENSG00000155307	ENST00000435732	0.0	1151	51204
ENSG00000155307	ENST00000463807	0.0	933	4907
ENSG00000155307	ENST00000467280	0.0	450	3512
ENSG00000155307	ENST00000469393	0.0	220	3512
ENSG00000155307	ENST00000493640	0.0	282	25141
ENSG00000155307	ENST00000644288	0.0	2185	98175
ENSG00000155313	ENST00000464435	0.0	845	6122
ENSG00000155313	ENST00000478932	0.0	2605	2916
ENSG00000155313	ENST00000547201	0.0	757	45474
ENSG00000155313	ENST00000549362	0.0	606	45474
ENSG00000156253	ENST00000286777	0.0	1625	13594
ENSG00000156253	ENST00000466746	0.0	842	11431
ENSG00000156253	ENST00000471269	0.0	571	11297
ENSG00000156253	ENST00000472184	0.0	1787	13601
ENSG00000156253	ENST00000481411	0.0	950	11441
ENSG00000156253	ENST00000486719	0.0	1789	13592
ENSG00000156256	ENST00000474835	0.0	3835	29838
ENSG00000156256	ENST00000485067	0.0	2259	2366
ENSG00000156261	ENST00000470450	0.0	1872	17316
ENSG00000156261	ENST00000475205	0.0	431	1300
ENSG00000156261	ENST00000480359	0.0	452	610
ENSG00000156261	ENST00000481059	0.0	879	7161
ENSG00000156261	ENST00000484403	0.0	808	8556
ENSG00000156261	ENST00000494296	0.0	514	5843
ENSG00000156261	ENST00000496121	0.0	1326	6544
ENSG00000156265	ENST00000460883	0.0	655	52975
ENSG00000156265	ENST00000470800	0.0	835	29661
ENSG00000156265	ENST00000492930	0.0	769	25145
ENSG00000156265	ENST00000496779	0.0	1570	32321
ENSG00000156273	ENST00000462262	0.0	1073	34708
ENSG00000156299	ENST00000469412	0.0	2313	347347
ENSG00000156299	ENST00000491927	0.0	938	6368
ENSG00000156304	ENST00000467731	0.0	2976	17829
ENSG00000156304	ENST00000472318	0.0	796	2510
ENSG00000156304	ENST00000485790	0.0	1282	31203
ENSG00000157538	ENST00000399000	0.0	4398	44500
ENSG00000157538	ENST00000462467	0.0	1218	6072
ENSG00000157538	ENST00000475009	0.0	715	29199
ENSG00000157538	ENST00000480452	0.0	526	34027
ENSG00000157538	ENST00000488368	0.0	1013	41814
ENSG00000157538	ENST00000492514	0.0	318	28946
ENSG00000157538	ENST00000495858	0.0	555	2925
ENSG00000157538	ENST00000497493	0.0	5648	6064
ENSG00000157538	ENST00000498789	0.0	959	6259
ENSG00000157540	ENST00000462274	0.0	1233	8870
ENSG00000157540	ENST00000643355	0.0	1866	9843
ENSG00000157540	ENST00000643808	0.0	1117	19210
ENSG00000157540	ENST00000644367	0.0	796	18836
ENSG00000157540	ENST00000646224	0.0	1735	23775
ENSG00000157540	ENST00000646351	0.0	4543	10739
ENSG00000157551	ENST00000472602	0.0	766	32468
ENSG00000157554	ENST00000468474	0.0	1454	261623
ENSG00000157554	ENST00000473107	0.0	560	45502
ENSG00000157554	ENST00000481609	0.0	970	106798
ENSG00000157554	ENST00000485493	0.0	1626	190920
ENSG00000157554	ENST00000492833	0.0	938	50252
ENSG00000157578	ENST00000459939	0.0	775	22774
ENSG00000157578	ENST00000466954	0.0	809	22314
ENSG00000157578	ENST00000468009	0.0	616	10715
ENSG00000157578	ENST00000480612	0.0	772	2295
ENSG00000157578	ENST00000484878	0.0	675	34035
ENSG00000157578	ENST00000490184	0.0	853	22536
ENSG00000157578	ENST00000491625	0.0	1308	23394
ENSG00000157578	ENST00000495240	0.0	972	5170
ENSG00000157601	ENST00000441677	0.0	1211	14935
ENSG00000157601	ENST00000467510	0.0	4559	32960
ENSG00000157601	ENST00000468506	0.0	752	2912
ENSG00000157601	ENST00000478268	0.0	3202	3652
ENSG00000157601	ENST00000484465	0.0	388	1879
ENSG00000157601	ENST00000486275	0.0	3644	30448
ENSG00000157601	ENST00000491110	0.0	516	1893
ENSG00000157601	ENST00000679528	0.0	1402	15915
ENSG00000157601	ENST00000680637	0.0	5778	9659
ENSG00000157601	ENST00000680980	0.0	1637	7295
ENSG00000157601	ENST00000681382	0.0	4675	33000
ENSG00000157617	ENST00000467074	0.0	1952	25720
ENSG00000157617	ENST00000478372	0.0	356	574
ENSG00000157617	ENST00000482084	0.0	4123	32361
ENSG00000157617	ENST00000482186	0.0	4542	22130
ENSG00000157617	ENST00000490479	0.0	761	30001
ENSG00000159055	ENST00000486363	0.0	368	971
ENSG00000159079	ENST00000483315	0.0	1872	2704
ENSG00000159082	ENST00000464778	0.0	578	1871
ENSG00000159082	ENST00000467445	0.0	977	3918
ENSG00000159086	ENST00000464256	0.0	1692	12391
ENSG00000159086	ENST00000466846	0.0	3879	22895
ENSG00000159086	ENST00000472588	0.0	1410	15327
ENSG00000159086	ENST00000497873	0.0	2277	17299
ENSG00000159110	ENST00000420068	0.0	505	16872
ENSG00000159110	ENST00000700427	0.0	2545	30660
ENSG00000159110	ENST00000700429	0.0	9035	32690
ENSG00000159131	ENST00000460305	0.0	389	4307
ENSG00000159131	ENST00000466882	0.0	654	2720
ENSG00000159131	ENST00000467575	0.0	922	6574
ENSG00000159131	ENST00000476524	0.0	806	10744
ENSG00000159131	ENST00000482663	0.0	616	4294
ENSG00000159131	ENST00000487155	0.0	786	2117
ENSG00000159131	ENST00000488791	0.0	778	2900
ENSG00000159131	ENST00000497313	0.0	457	3970
ENSG00000159140	ENST00000465834	0.0	957	4355
ENSG00000159140	ENST00000467616	0.0	676	6709
ENSG00000159140	ENST00000470533	0.0	798	4896
ENSG00000159140	ENST00000473102	0.0	575	4735
ENSG00000159140	ENST00000474355	0.0	402	2105
ENSG00000159140	ENST00000475072	0.0	658	3701
ENSG00000159140	ENST00000477419	0.0	771	3492
ENSG00000159140	ENST00000478183	0.0	1818	5269
ENSG00000159140	ENST00000484294	0.0	500	4713
ENSG00000159140	ENST00000491794	0.0	995	3769
ENSG00000159140	ENST00000492229	0.0	306	3970
ENSG00000159147	ENST00000460557	0.0	786	1691
ENSG00000159147	ENST00000462566	0.0	430	880
ENSG00000159200	ENST00000463276	0.0	686	91538
ENSG00000159200	ENST00000487434	0.0	300	8442
ENSG00000159200	ENST00000489903	0.0	2276	97963
ENSG00000159200	ENST00000609325	0.0	2047	2047
ENSG00000159216	ENST00000460207	0.0	603	30090
ENSG00000159216	ENST00000467577	0.0	264	3290
ENSG00000159216	ENST00000467692	0.0	453	208254
ENSG00000159216	ENST00000468726	0.0	251	357
ENSG00000159216	ENST00000469087	0.0	1790	23487
ENSG00000159216	ENST00000479325	0.0	537	8692
ENSG00000159216	ENST00000494829	0.0	3622	29669
ENSG00000159228	ENST00000466328	0.0	595	1276
ENSG00000159256	ENST00000484028	0.0	688	7280
ENSG00000159256	ENST00000485299	0.0	687	12178
ENSG00000159256	ENST00000485933	0.0	417	3572
ENSG00000159256	ENST00000487909	0.0	4131	56416
ENSG00000159256	ENST00000492336	0.0	1290	19339
ENSG00000159256	ENST00000547657	0.0	750	16538
ENSG00000159256	ENST00000551367	0.0	513	16538
ENSG00000159259	ENST00000480486	0.0	1152	12180
ENSG00000159259	ENST00000481458	0.0	541	13461
ENSG00000159263	ENST00000460783	0.0	2235	11481
ENSG00000159263	ENST00000481185	0.0	3377	47191
ENSG00000159267	ENST00000482273	0.0	729	33848
ENSG00000160179	ENST00000462050	0.0	3037	97433
ENSG00000160179	ENST00000467818	0.0	792	9456
ENSG00000160179	ENST00000472587	0.0	2903	20901
ENSG00000160179	ENST00000496783	0.0	1725	9419
ENSG00000160180	ENST00000489676	0.0	419	1634
ENSG00000160181	ENST00000463771	0.0	552	4624
ENSG00000160181	ENST00000475297	0.0	631	4573
ENSG00000160183	ENST00000474596	0.0	2105	17229
ENSG00000160183	ENST00000476848	0.0	2969	11862
ENSG00000160183	ENST00000478680	0.0	416	876
ENSG00000160183	ENST00000482761	0.0	2524	18529
ENSG00000160185	ENST00000634453	0.0	871	6687
ENSG00000160188	ENST00000493019	0.0	2880	23761
ENSG00000160190	ENST00000454800	0.0	1603	2196
ENSG00000160190	ENST00000471277	0.0	617	12147
ENSG00000160190	ENST00000484887	0.0	445	3268
ENSG00000160190	ENST00000487951	0.0	701	4201
ENSG00000160190	ENST00000496416	0.0	481	10121
ENSG00000160191	ENST00000460905	0.0	715	100429
ENSG00000160191	ENST00000460989	0.0	1521	121731
ENSG00000160191	ENST00000462571	0.0	1784	121731
ENSG00000160191	ENST00000466472	0.0	365	6199
ENSG00000160191	ENST00000467162	0.0	803	75943
ENSG00000160191	ENST00000467403	0.0	1661	121731
ENSG00000160191	ENST00000468805	0.0	1721	121731
ENSG00000160191	ENST00000470987	0.0	1954	121755
ENSG00000160191	ENST00000472401	0.0	431	45290
ENSG00000160191	ENST00000486902	0.0	794	47411
ENSG00000160191	ENST00000489319	0.0	3412	18735
ENSG00000160191	ENST00000490803	0.0	1865	121755
ENSG00000160191	ENST00000495343	0.0	1663	43752
ENSG00000160191	ENST00000495521	0.0	1565	121731
ENSG00000160191	ENST00000497805	0.0	1908	121731
ENSG00000160193	ENST00000463902	0.0	609	23863
ENSG00000160193	ENST00000470658	0.0	901	17229
ENSG00000160193	ENST00000476326	0.0	1977	30343
ENSG00000160193	ENST00000479429	0.0	759	24954
ENSG00000160193	ENST00000492742	0.0	2205	30050
ENSG00000160194	ENST00000460259	0.0	2029	29462
ENSG00000160194	ENST00000460740	0.0	811	10611
ENSG00000160199	ENST00000418336	0.0	459	33178
ENSG00000160199	ENST00000456957	0.0	569	3627
ENSG00000160199	ENST00000474336	0.0	438	7631
ENSG00000160199	ENST00000480179	0.0	1725	43390
ENSG00000160199	ENST00000557820	0.0	537	9499
ENSG00000160199	ENST00000558955	0.0	629	5398
ENSG00000160199	ENST00000607049	0.0	762	12032
ENSG00000160199	ENST00000607150	0.0	551	4441
ENSG00000160200	ENST00000461686	0.0	2656	15214
ENSG00000160200	ENST00000462349	0.0	1038	5951
ENSG00000160200	ENST00000465732	0.0	683	7544
ENSG00000160200	ENST00000470912	0.0	894	9703
ENSG00000160200	ENST00000478709	0.0	727	1182
ENSG00000160200	ENST00000486098	0.0	773	1330
ENSG00000160200	ENST00000488526	0.0	672	5105
ENSG00000160200	ENST00000491776	0.0	1515	5449
ENSG00000160200	ENST00000496485	0.0	673	4952
ENSG00000160201	ENST00000463599	0.0	338	8775
ENSG00000160201	ENST00000468039	0.0	609	1455
ENSG00000160201	ENST00000471250	0.0	1676	2988
ENSG00000160201	ENST00000475639	0.0	4694	14569
ENSG00000160201	ENST00000478282	0.0	3344	3435
ENSG00000160201	ENST00000496462	0.0	3973	9903
ENSG00000160202	ENST00000468016	0.0	981	2412
ENSG00000160202	ENST00000482775	0.0	1128	3719
ENSG00000160208	ENST00000470886	0.0	4634	9946
ENSG00000160209	ENST00000343528	0.0	1101	14791
ENSG00000160209	ENST00000398078	0.0	1069	14669
ENSG00000160209	ENST00000398085	0.0	796	33454
ENSG00000160209	ENST00000438837	0.0	342	10574
ENSG00000160209	ENST00000461123	0.0	637	2580
ENSG00000160209	ENST00000468392	0.0	1094	10471
ENSG00000160209	ENST00000470029	0.0	583	25428
ENSG00000160209	ENST00000472777	0.0	460	18274
ENSG00000160209	ENST00000476084	0.0	602	4717
ENSG00000160209	ENST00000476313	0.0	1704	9915
ENSG00000160209	ENST00000481512	0.0	583	19924
ENSG00000160209	ENST00000490666	0.0	577	12639
ENSG00000160209	ENST00000498040	0.0	888	24925
ENSG00000160213	ENST00000675996	0.0	1258	2665
ENSG00000160214	ENST00000467112	0.0	3019	12363
ENSG00000160214	ENST00000471909	0.0	2544	7933
ENSG00000160214	ENST00000473988	0.0	627	920
ENSG00000160214	ENST00000475534	0.0	588	8025
ENSG00000160214	ENST00000492638	0.0	1017	3843
ENSG00000160216	ENST00000467358	0.0	3955	17449
ENSG00000160216	ENST00000474735	0.0	427	1128
ENSG00000160216	ENST00000479117	0.0	1510	22942
ENSG00000160216	ENST00000481319	0.0	616	9479
ENSG00000160216	ENST00000484865	0.0	588	10010
ENSG00000160216	ENST00000497909	0.0	773	4448
ENSG00000160216	ENST00000498670	0.0	791	8093
ENSG00000160218	ENST00000459741	0.0	5826	18514
ENSG00000160218	ENST00000461889	0.0	563	3223
ENSG00000160218	ENST00000465905	0.0	563	8940
ENSG00000160218	ENST00000468864	0.0	3909	8472
ENSG00000160218	ENST00000469521	0.0	759	8775
ENSG00000160218	ENST00000481460	0.0	455	3425
ENSG00000160218	ENST00000483973	0.0	579	7204
ENSG00000160218	ENST00000485621	0.0	537	6673
ENSG00000160218	ENST00000486746	0.0	530	8734
ENSG00000160221	ENST00000470545	0.0	544	693
ENSG00000160221	ENST00000480786	0.0	807	6931
ENSG00000160221	ENST00000488392	0.0	466	1469
ENSG00000160221	ENST00000493883	0.0	781	7779
ENSG00000160221	ENST00000495007	0.0	1215	11397
ENSG00000160221	ENST00000642815	0.0	500	25841
ENSG00000160223	ENST00000700351	0.0	5413	14089
ENSG00000160223	ENST00000700353	0.0	3614	9640
ENSG00000160223	ENST00000700354	0.0	5416	13976
ENSG00000160224	ENST00000337909	0.0	1361	7235
ENSG00000160224	ENST00000397994	0.0	1279	7235
ENSG00000160224	ENST00000527919	0.0	2409	11894
ENSG00000160224	ENST00000530812	0.0	4306	12811
ENSG00000160226	ENST00000462742	0.0	4532	8894
ENSG00000160226	ENST00000470196	0.0	654	2078
ENSG00000160226	ENST00000478674	0.0	485	1503
ENSG00000160226	ENST00000496321	0.0	1191	8448
ENSG00000160255	ENST00000475170	0.0	2125	8075
ENSG00000160255	ENST00000479202	0.0	704	2799
ENSG00000160255	ENST00000479849	0.0	427	2755
ENSG00000160255	ENST00000498666	0.0	4781	35008
ENSG00000160255	ENST00000518033	0.0	572	10607
ENSG00000160255	ENST00000521987	0.0	563	19382
ENSG00000160255	ENST00000523126	0.0	577	1369
ENSG00000160255	ENST00000696946	0.0	1920	6463
ENSG00000160256	ENST00000479127	0.0	759	18728
ENSG00000160256	ENST00000485207	0.0	504	3918
ENSG00000160282	ENST00000469240	0.0	458	776
ENSG00000160282	ENST00000480950	0.0	318	1099
ENSG00000160282	ENST00000483568	0.0	398	1073
ENSG00000160282	ENST00000488577	0.0	447	7044
ENSG00000160282	ENST00000498355	0.0	1936	19306
ENSG00000160285	ENST00000464357	0.0	1041	13078
ENSG00000160285	ENST00000472272	0.0	581	1456
ENSG00000160285	ENST00000474319	0.0	3601	4246
ENSG00000160285	ENST00000484808	0.0	251	696
ENSG00000160285	ENST00000491729	0.0	2143	5042
ENSG00000160294	ENST00000467026	0.0	2671	24133
ENSG00000160294	ENST00000479557	0.0	364	2361
ENSG00000160294	ENST00000481113	0.0	570	5472
ENSG00000160294	ENST00000486937	0.0	4593	32930
ENSG00000160294	ENST00000494755	0.0	669	2621
ENSG00000160294	ENST00000495475	0.0	199	607
ENSG00000160294	ENST00000496607	0.0	4075	31820
ENSG00000160298	ENST00000472607	0.0	713	9922
ENSG00000160298	ENST00000475776	0.0	2178	8999
ENSG00000160299	ENST00000465356	0.0	767	2179
ENSG00000160299	ENST00000482575	0.0	578	777
ENSG00000160299	ENST00000483844	0.0	734	5088
ENSG00000160299	ENST00000695525	0.0	4250	65613
ENSG00000160299	ENST00000695527	0.0	6761	34023
ENSG00000160299	ENST00000695529	0.0	4976	33852
ENSG00000160299	ENST00000695531	0.0	4037	19052
ENSG00000160299	ENST00000695532	0.0	3771	19053
ENSG00000160299	ENST00000695533	0.0	3105	17107
ENSG00000160299	ENST00000695534	0.0	3574	14918
ENSG00000160299	ENST00000695535	0.0	1507	10011
ENSG00000160299	ENST00000695536	0.0	1742	9076
ENSG00000160299	ENST00000695537	0.0	1359	6005
ENSG00000160299	ENST00000703225	0.0	2155	21321
ENSG00000160299	ENST00000703226	0.0	3105	17107
ENSG00000160305	ENST00000472364	0.0	2542	5828
ENSG00000160305	ENST00000473752	0.0	1638	40893
ENSG00000160305	ENST00000478105	0.0	3234	8424
ENSG00000160305	ENST00000479654	0.0	2911	6049
ENSG00000160305	ENST00000480553	0.0	1906	8471
ENSG00000160305	ENST00000481883	0.0	3119	3588
ENSG00000160305	ENST00000494435	0.0	2063	41925
ENSG00000160310	ENST00000481861	0.0	1301	15896
ENSG00000160310	ENST00000482508	0.0	1478	17985
ENSG00000160310	ENST00000486520	0.0	4031	8129
ENSG00000160310	ENST00000491389	0.0	616	1571
ENSG00000160310	ENST00000498151	0.0	493	1386
ENSG00000166979	ENST00000459833	0.0	687	89414
ENSG00000166979	ENST00000464037	0.0	2492	63205
ENSG00000166979	ENST00000469079	0.0	1689	56050
ENSG00000166979	ENST00000481638	0.0	384	20521
ENSG00000166979	ENST00000485488	0.0	720	20273
ENSG00000166979	ENST00000496615	0.0	492	21228
ENSG00000168122	ENST00000427301	0.0	3216	18486
ENSG00000170262	ENST00000497833	0.0	884	20478
ENSG00000171189	ENST00000472429	0.0	1775	341240
ENSG00000173231	ENST00000311003	0.0	1181	1181
ENSG00000173276	ENST00000465968	0.0	631	18928
ENSG00000173638	ENST00000460174	0.0	600	2944
ENSG00000173638	ENST00000461785	0.0	646	1609
ENSG00000173638	ENST00000468508	0.0	1435	2772
ENSG00000173638	ENST00000486303	0.0	708	1950
ENSG00000173638	ENST00000651099	0.0	862	11145
ENSG00000174680	ENST00000309331	0.0	813	15065
ENSG00000174680	ENST00000412579	0.0	818	5172
ENSG00000174680	ENST00000413131	0.0	499	3609
ENSG00000174680	ENST00000423221	0.0	624	15056
ENSG00000174680	ENST00000455392	0.0	767	15506
ENSG00000174680	ENST00000658262	0.0	4210	14904
ENSG00000174680	ENST00000658460	0.0	3416	14106
ENSG00000175302	ENST00000451052	0.0	2186	43525
ENSG00000175894	ENST00000397916	0.0	2114	65310
ENSG00000176054	ENST00000320371	0.0	421	421
ENSG00000177398	ENST00000400423	0.0	2622	22477
ENSG00000177398	ENST00000475047	0.0	819	4538
ENSG00000177398	ENST00000484174	0.0	623	5878
ENSG00000177398	ENST00000484712	0.0	574	9954
ENSG00000178457	ENST00000324988	0.0	607	9871
ENSG00000179381	ENST00000431829	0.0	976	976
ENSG00000180509	ENST00000489175	0.0	2041	2752
ENSG00000180509	ENST00000683028	0.0	767	10757
ENSG00000180509	ENST00000683564	0.0	1182	30689
ENSG00000180509	ENST00000684073	0.0	837	28199
ENSG00000180509	ENST00000684327	0.0	617	22128
ENSG00000180509	ENST00000684616	0.0	1037	28196
ENSG00000180530	ENST00000637630	0.0	573	77796
ENSG00000180530	ENST00000637963	0.0	498	77950
ENSG00000182093	ENST00000471468	0.0	581	10792
ENSG00000182093	ENST00000476914	0.0	461	2658
ENSG00000182093	ENST00000480690	0.0	321	2610
ENSG00000182093	ENST00000487869	0.0	537	11653
ENSG00000182093	ENST00000490860	0.0	624	4209
ENSG00000182093	ENST00000648495	0.0	2093	16083
ENSG00000182093	ENST00000650208	0.0	923	37467
ENSG00000182240	ENST00000463674	0.0	1013	33880
ENSG00000182240	ENST00000465326	0.0	939	20699
ENSG00000182240	ENST00000466122	0.0	2235	46480
ENSG00000182240	ENST00000470864	0.0	547	16364
ENSG00000182240	ENST00000475618	0.0	229	4862
ENSG00000182240	ENST00000487994	0.0	994	49116
ENSG00000182240	ENST00000491838	0.0	843	19969
ENSG00000182362	ENST00000468924	0.0	912	5576
ENSG00000182362	ENST00000492864	0.0	1402	5744
ENSG00000182586	ENST00000328344	0.0	530	24379
ENSG00000182586	ENST00000584169	0.0	589	22928
ENSG00000182586	ENST00000638500	0.0	1377	30209
ENSG00000182586	ENST00000660971	0.0	1313	30240
ENSG00000182586	ENST00000665973	0.0	1388	6341
ENSG00000182586	ENST00000670852	0.0	912	30175
ENSG00000182586	ENST00000670960	0.0	1442	6624
ENSG00000182670	ENST00000460328	0.0	573	5559
ENSG00000182670	ENST00000469939	0.0	739	6247
ENSG00000182670	ENST00000472398	0.0	2305	29339
ENSG00000182670	ENST00000476784	0.0	7425	95375
ENSG00000182670	ENST00000484047	0.0	1945	9777
ENSG00000182670	ENST00000487711	0.0	925	12529
ENSG00000182670	ENST00000488522	0.0	853	3495
ENSG00000182670	ENST00000491952	0.0	247	4097
ENSG00000182670	ENST00000494243	0.0	861	62172
ENSG00000182871	ENST00000459895	0.0	588	4618
ENSG00000182871	ENST00000473212	0.0	2515	6549
ENSG00000182912	ENST00000330490	0.0	823	1541
ENSG00000182912	ENST00000354333	0.0	2422	3214
ENSG00000182912	ENST00000465978	0.0	345	8333
ENSG00000183036	ENST00000467565	0.0	587	30922
ENSG00000183036	ENST00000468717	0.0	706	61947
ENSG00000183067	ENST00000459922	0.0	724	9806
ENSG00000183067	ENST00000479378	0.0	1062	37017
ENSG00000183145	ENST00000485272	0.0	2005	13510
ENSG00000183145	ENST00000490393	0.0	1885	13458
ENSG00000183249	ENST00000457709	0.0	450	4353
ENSG00000183250	ENST00000330551	0.0	1033	5121
ENSG00000183250	ENST00000397841	0.0	2303	7100
ENSG00000183250	ENST00000615847	0.0	3312	7124
ENSG00000183250	ENST00000654166	0.0	2979	6627
ENSG00000183250	ENST00000657006	0.0	2784	6259
ENSG00000183250	ENST00000658179	0.0	3202	6602
ENSG00000183250	ENST00000660377	0.0	2403	6635
ENSG00000183250	ENST00000663249	0.0	3534	6617
ENSG00000183250	ENST00000664358	0.0	1501	4587
ENSG00000183250	ENST00000667826	0.0	4434	6612
ENSG00000183250	ENST00000690957	0.0	1499	5189
ENSG00000183255	ENST00000474737	0.0	580	10669
ENSG00000183255	ENST00000480234	0.0	398	12495
ENSG00000183255	ENST00000494690	0.0	612	17795
ENSG00000183486	ENST00000398632	0.0	2211	6310
ENSG00000183486	ENST00000474368	0.0	2871	4009
ENSG00000183486	ENST00000482953	0.0	3595	19848
ENSG00000183486	ENST00000493753	0.0	1900	22917
ENSG00000183486	ENST00000494252	0.0	440	2640
ENSG00000183486	ENST00000495892	0.0	4064	5277
ENSG00000183486	ENST00000496774	0.0	827	11550
ENSG00000183486	ENST00000680215	0.0	2366	3358
ENSG00000183486	ENST00000680539	0.0	3113	27366
ENSG00000183486	ENST00000681171	0.0	2060	7590
ENSG00000183486	ENST00000681460	0.0	1893	6955
ENSG00000183527	ENST00000481921	0.0	716	3363
ENSG00000183535	ENST00000397787	0.0	3425	5325
ENSG00000183535	ENST00000485206	0.0	2341	5355
ENSG00000183570	ENST00000423045	0.0	1183	2793
ENSG00000183570	ENST00000465077	0.0	728	145046
ENSG00000183570	ENST00000468429	0.0	829	39185
ENSG00000183570	ENST00000472191	0.0	318	25323
ENSG00000183570	ENST00000475402	0.0	536	27846
ENSG00000183570	ENST00000481302	0.0	476	5807
ENSG00000183570	ENST00000498121	0.0	990	42654
ENSG00000183570	ENST00000593338	0.0	557	14508
ENSG00000183570	ENST00000594149	0.0	690	77502
ENSG00000183570	ENST00000594320	0.0	686	1083
ENSG00000183570	ENST00000609985	0.0	693	1934
ENSG00000183570	ENST00000610200	0.0	717	1795
ENSG00000183570	ENST00000628776	0.0	827	17306
ENSG00000183778	ENST00000475838	0.0	658	7101
ENSG00000183778	ENST00000682818	0.0	1825	60153
ENSG00000183844	ENST00000479810	0.0	2742	53220
ENSG00000183844	ENST00000518236	0.0	1052	42100
ENSG00000184012	ENST00000463138	0.0	217	19626
ENSG00000184012	ENST00000469395	0.0	563	1072
ENSG00000184012	ENST00000489201	0.0	544	1310
ENSG00000184012	ENST00000678617	0.0	1718	32048
ENSG00000184029	ENST00000328264	0.0	1098	67350
ENSG00000184029	ENST00000398948	0.0	777	169915
ENSG00000184029	ENST00000482032	0.0	799	28088
ENSG00000184221	ENST00000498799	0.0	400	746
ENSG00000184274	ENST00000441947	0.0	2323	5013
ENSG00000184385	ENST00000329015	0.0	2141	6401
ENSG00000184441	ENST00000448927	0.0	4354	4618
ENSG00000184787	ENST00000462569	0.0	762	24968
ENSG00000184787	ENST00000477954	0.0	1034	30808
ENSG00000184787	ENST00000481546	0.0	4340	6397
ENSG00000184787	ENST00000490091	0.0	1512	1819
ENSG00000184787	ENST00000490450	0.0	424	24515
ENSG00000184787	ENST00000496395	0.0	288	24368
ENSG00000184787	ENST00000497630	0.0	933	30889
ENSG00000184787	ENST00000497664	0.0	590	27274
ENSG00000184809	ENST00000329618	0.0	3106	8743
ENSG00000184809	ENST00000380604	0.0	1823	8034
ENSG00000184809	ENST00000380612	0.0	1071	15295
ENSG00000184809	ENST00000489821	0.0	1919	15204
ENSG00000184809	ENST00000661806	0.0	4202	10068
ENSG00000184809	ENST00000670049	0.0	3846	15655
ENSG00000184809	ENST00000670883	0.0	2340	15500
ENSG00000184856	ENST00000419431	0.0	727	17912
ENSG00000184856	ENST00000657104	0.0	630	17990
ENSG00000184900	ENST00000466861	0.0	753	4596
ENSG00000184900	ENST00000479153	0.0	1736	13163
ENSG00000185186	ENST00000332440	0.0	713	16264
ENSG00000185186	ENST00000413721	0.0	525	2705
ENSG00000185186	ENST00000418516	0.0	345	2806
ENSG00000185186	ENST00000426942	0.0	269	2880
ENSG00000185186	ENST00000427188	0.0	967	1160
ENSG00000185186	ENST00000441283	0.0	448	3610
ENSG00000185186	ENST00000451543	0.0	413	2806
ENSG00000185186	ENST00000651216	0.0	1342	11543
ENSG00000185186	ENST00000663956	0.0	536	7711
ENSG00000185272	ENST00000461088	0.0	649	5300
ENSG00000185272	ENST00000468643	0.0	1992	12243
ENSG00000185272	ENST00000468788	0.0	680	10910
ENSG00000185272	ENST00000475864	0.0	668	3010
ENSG00000185272	ENST00000495055	0.0	1597	12021
ENSG00000185390	ENST00000332473	0.0	296	1384
ENSG00000185433	ENST00000332587	0.0	1476	45882
ENSG00000185433	ENST00000439840	0.0	1399	45009
ENSG00000185433	ENST00000440205	0.0	740	28516
ENSG00000185433	ENST00000441013	0.0	1380	45882
ENSG00000185433	ENST00000652840	0.0	1203	45005
ENSG00000185433	ENST00000653079	0.0	1490	45432
ENSG00000185433	ENST00000655536	0.0	1054	9725
ENSG00000185433	ENST00000657301	0.0	841	32373
ENSG00000185433	ENST00000659435	0.0	998	45013
ENSG00000185433	ENST00000659593	0.0	1047	32410
ENSG00000185433	ENST00000659748	0.0	1295	45001
ENSG00000185433	ENST00000662287	0.0	1070	13543
ENSG00000185433	ENST00000662610	0.0	898	45009
ENSG00000185433	ENST00000662734	0.0	1165	45011
ENSG00000185433	ENST00000662827	0.0	1057	44996
ENSG00000185433	ENST00000664370	0.0	1320	13962
ENSG00000185433	ENST00000665160	0.0	870	38992
ENSG00000185433	ENST00000665829	0.0	1051	44997
ENSG00000185433	ENST00000667265	0.0	832	13541
ENSG00000185433	ENST00000668015	0.0	1098	34841
ENSG00000185433	ENST00000668944	0.0	826	32425
ENSG00000185433	ENST00000669436	0.0	1218	44997
ENSG00000185433	ENST00000670098	0.0	1421	43112
ENSG00000185433	ENST00000671034	0.0	685	32453
ENSG00000185433	ENST00000686572	0.0	1244	39130
ENSG00000185658	ENST00000470108	0.0	1176	23470
ENSG00000185658	ENST00000473813	0.0	944	8875
ENSG00000185658	ENST00000484090	0.0	429	739
ENSG00000185658	ENST00000491564	0.0	522	1078
ENSG00000185658	ENST00000496759	0.0	377	1711
ENSG00000185808	ENST00000329667	0.0	562	7164
ENSG00000185808	ENST00000479152	0.0	648	3457
ENSG00000185917	ENST00000460704	0.0	795	4283
ENSG00000185917	ENST00000469482	0.0	702	7564
ENSG00000185917	ENST00000481477	0.0	2761	25845
ENSG00000185917	ENST00000485865	0.0	549	11519
ENSG00000185917	ENST00000487297	0.0	3358	8832
ENSG00000186866	ENST00000460932	0.0	616	4695
ENSG00000186866	ENST00000463917	0.0	441	2566
ENSG00000186866	ENST00000468360	0.0	757	18034
ENSG00000186866	ENST00000471540	0.0	3176	19567
ENSG00000186866	ENST00000476653	0.0	598	2410
ENSG00000186866	ENST00000485190	0.0	616	1002
ENSG00000186866	ENST00000493524	0.0	890	18056
ENSG00000186866	ENST00000493811	0.0	577	5523
ENSG00000187172	ENST00000496773	0.0	2598	62298
ENSG00000188660	ENST00000342757	0.0	3013	3879
ENSG00000188660	ENST00000448049	0.0	3507	7293
ENSG00000188660	ENST00000651768	0.0	3164	3364
ENSG00000188660	ENST00000701366	0.0	493	493
ENSG00000188681	ENST00000559466	0.0	1312	5196
ENSG00000188992	ENST00000344577	0.0	1652	98137
ENSG00000189089	ENST00000408914	0.0	1164	1164
ENSG00000197381	ENST00000460734	0.0	2523	71727
ENSG00000197381	ENST00000462214	0.0	587	63474
ENSG00000197381	ENST00000464215	0.0	389	43307
ENSG00000197381	ENST00000481022	0.0	736	1138
ENSG00000197381	ENST00000631642	0.0	301	3012
ENSG00000197934	ENST00000357401	0.0	3412	163310
ENSG00000197934	ENST00000414486	0.0	422	124959
ENSG00000198054	ENST00000357704	0.0	552	35039
ENSG00000198054	ENST00000400477	0.0	534	35039
ENSG00000198054	ENST00000465532	0.0	791	35039
ENSG00000198054	ENST00000469658	0.0	437	35039
ENSG00000198054	ENST00000478613	0.0	716	35061
ENSG00000198054	ENST00000495344	0.0	606	35039
ENSG00000198054	ENST00000614538	0.0	403	34180
ENSG00000198618	ENST00000358455	0.0	498	498
ENSG00000198862	ENST00000475344	0.0	696	2372
ENSG00000198862	ENST00000486427	0.0	539	1457
ENSG00000199030	ENST00000362160	0.0	84	84
ENSG00000199598	ENST00000362728	0.0	107	107
ENSG00000199698	ENST00000362828	0.0	102	102
ENSG00000199806	ENST00000362936	0.0	118	118
ENSG00000199962	ENST00000363092	0.0	109	109
ENSG00000200213	ENST00000363343	0.0	108	108
ENSG00000200754	ENST00000363884	0.0	108	108
ENSG00000200792	ENST00000363922	0.0	136	136
ENSG00000201025	ENST00000364155	0.0	73	73
ENSG00000201812	ENST00000364942	0.0	116	116
ENSG00000201984	ENST00000365114	0.0	102	102
ENSG00000202239	ENST00000365369	0.0	105	105
ENSG00000202339	ENST00000365469	0.0	141	141
ENSG00000203616	ENST00000366423	0.0	333	333
ENSG00000205424	ENST00000380008	0.0	5034	10027
ENSG00000205445	ENST00000498210	0.0	366	1071
ENSG00000205581	ENST00000463631	0.0	583	990
ENSG00000205581	ENST00000464078	0.0	508	5918
ENSG00000205581	ENST00000471260	0.0	615	1129
ENSG00000205581	ENST00000479586	0.0	841	1680
ENSG00000205581	ENST00000482192	0.0	793	5820
ENSG00000205581	ENST00000482733	0.0	701	1026
ENSG00000205581	ENST00000485550	0.0	745	5689
ENSG00000205581	ENST00000486741	0.0	4299	6785
ENSG00000205581	ENST00000489072	0.0	1014	6063
ENSG00000205581	ENST00000490032	0.0	405	5362
ENSG00000205581	ENST00000491183	0.0	527	1921
ENSG00000205581	ENST00000492280	0.0	2707	7030
ENSG00000205622	ENST00000380931	0.0	5027	62343
ENSG00000205622	ENST00000415824	0.0	407	76161
ENSG00000205622	ENST00000440379	0.0	838	2411
ENSG00000205622	ENST00000613045	0.0	730	12965
ENSG00000205622	ENST00000615324	0.0	709	4742
ENSG00000205622	ENST00000623098	0.0	1033	12994
ENSG00000205622	ENST00000626259	0.0	773	49246
ENSG00000205622	ENST00000653449	0.0	1870	26133
ENSG00000205622	ENST00000654496	0.0	3169	27686
ENSG00000205622	ENST00000657019	0.0	2185	29365
ENSG00000205622	ENST00000657276	0.0	1233	24731
ENSG00000205622	ENST00000658721	0.0	1662	25804
ENSG00000205622	ENST00000659831	0.0	2123	26269
ENSG00000205622	ENST00000660489	0.0	1685	25760
ENSG00000205622	ENST00000660602	0.0	984	7224
ENSG00000205622	ENST00000661563	0.0	1710	34280
ENSG00000205622	ENST00000663561	0.0	1082	92546
ENSG00000205622	ENST00000664415	0.0	1017	34312
ENSG00000205622	ENST00000665758	0.0	1298	25765
ENSG00000205622	ENST00000669345	0.0	1190	43948
ENSG00000205622	ENST00000670092	0.0	911	34156
ENSG00000205622	ENST00000671381	0.0	2164	26356
ENSG00000205622	ENST00000671617	0.0	1127	13569
ENSG00000205622	ENST00000686487	0.0	1425	1425
ENSG00000205622	ENST00000686562	0.0	1249	34290
ENSG00000205622	ENST00000689146	0.0	1118	41782
ENSG00000205622	ENST00000700848	0.0	1728	26128
ENSG00000205622	ENST00000701127	0.0	1001	32899
ENSG00000205622	ENST00000701265	0.0	1370	41780
ENSG00000205622	ENST00000701620	0.0	2296	25763
ENSG00000205670	ENST00000481710	0.0	1220	27298
ENSG00000205670	ENST00000489469	0.0	780	24667
ENSG00000205670	ENST00000495363	0.0	1029	32306
ENSG00000205726	ENST00000428240	0.0	213	11235
ENSG00000205726	ENST00000462212	0.0	1102	8033
ENSG00000205726	ENST00000465143	0.0	614	3304
ENSG00000205726	ENST00000470742	0.0	474	79539
ENSG00000205726	ENST00000472548	0.0	529	8033
ENSG00000205726	ENST00000474132	0.0	628	717
ENSG00000205726	ENST00000475422	0.0	798	27788
ENSG00000205726	ENST00000479424	0.0	647	8033
ENSG00000205726	ENST00000487427	0.0	805	11004
ENSG00000205726	ENST00000488166	0.0	986	18118
ENSG00000205726	ENST00000489261	0.0	1108	27788
ENSG00000205726	ENST00000495656	0.0	535	27788
ENSG00000205758	ENST00000468349	0.0	1018	2258
ENSG00000205758	ENST00000479964	0.0	506	6920
ENSG00000205758	ENST00000480893	0.0	656	7841
ENSG00000205758	ENST00000488167	0.0	688	14845
ENSG00000205758	ENST00000490714	0.0	759	38565
ENSG00000205930	ENST00000382375	0.0	2453	26870
ENSG00000205930	ENST00000382377	0.0	917	25583
ENSG00000205930	ENST00000382378	0.0	3352	27757
ENSG00000205930	ENST00000454365	0.0	563	121586
ENSG00000205930	ENST00000477513	0.0	400	24907
ENSG00000205930	ENST00000491756	0.0	733	25273
ENSG00000205930	ENST00000612326	0.0	1568	90589
ENSG00000205930	ENST00000650763	0.0	1768	165046
ENSG00000205930	ENST00000655231	0.0	5020	17508
ENSG00000205930	ENST00000661254	0.0	1267	29626
ENSG00000205930	ENST00000663888	0.0	705	28972
ENSG00000205930	ENST00000666106	0.0	1651	116887
ENSG00000205930	ENST00000669746	0.0	1704	30045
ENSG00000205930	ENST00000700822	0.0	854	247602
ENSG00000205930	ENST00000701283	0.0	803	149948
ENSG00000205930	ENST00000701622	0.0	988	183636
ENSG00000206802	ENST00000384075	0.0	107	107
ENSG00000207097	ENST00000384369	0.0	107	107
ENSG00000207098	ENST00000384370	0.0	135	135
ENSG00000207147	ENST00000384418	0.0	136	136
ENSG00000207416	ENST00000384685	0.0	113	113
ENSG00000207476	ENST00000384745	0.0	107	107
ENSG00000207503	ENST00000384772	0.0	121	121
ENSG00000207638	ENST00000384906	0.0	81	81
ENSG00000207863	ENST00000385128	0.0	89	89
ENSG00000211590	ENST00000390235	0.0	94	94
ENSG00000212136	ENST00000390834	0.0	107	107
ENSG00000212479	ENST00000391177	0.0	215	215
ENSG00000212564	ENST00000391262	0.0	107	107
ENSG00000212609	ENST00000391307	0.0	165	165
ENSG00000212932	ENST00000427757	0.0	463	463
ENSG00000213440	ENST00000416034	0.0	395	695
ENSG00000213885	ENST00000425147	0.0	611	611
ENSG00000214319	ENST00000398098	0.0	1095	1095
ENSG00000214326	ENST00000398116	0.0	372	372
ENSG00000214867	ENST00000399149	0.0	530	530
ENSG00000214889	ENST00000419943	0.0	583	583
ENSG00000214914	ENST00000453844	0.0	468	468
ENSG00000214955	ENST00000427022	0.0	805	119980
ENSG00000214976	ENST00000399358	0.0	958	958
ENSG00000215005	ENST00000447985	0.0	1686	1993
ENSG00000215088	ENST00000414617	0.0	616	616
ENSG00000215317	ENST00000400014	0.0	1041	1919
ENSG00000215326	ENST00000429271	0.0	606	606
ENSG00000215351	ENST00000448832	0.0	496	496
ENSG00000215353	ENST00000400117	0.0	770	770
ENSG00000215369	ENST00000456825	0.0	293	293
ENSG00000215386	ENST00000400178	0.0	926	536464
ENSG00000215386	ENST00000413645	0.0	636	446100
ENSG00000215386	ENST00000418813	0.0	576	194080
ENSG00000215386	ENST00000419952	0.0	1303	328207
ENSG00000215386	ENST00000428669	0.0	576	412561
ENSG00000215386	ENST00000435697	0.0	1399	69147
ENSG00000215386	ENST00000441820	0.0	530	69969
ENSG00000215386	ENST00000445461	0.0	777	412955
ENSG00000215386	ENST00000453910	0.0	4296	191323
ENSG00000215386	ENST00000456342	0.0	835	535976
ENSG00000215386	ENST00000602323	0.0	475	38507
ENSG00000215386	ENST00000602339	0.0	5040	281140
ENSG00000215386	ENST00000602505	0.0	1139	293801
ENSG00000215386	ENST00000602580	0.0	1423	417850
ENSG00000215386	ENST00000602620	0.0	788	186792
ENSG00000215386	ENST00000602659	0.0	7045	109059
ENSG00000215386	ENST00000602892	0.0	703	187906
ENSG00000215386	ENST00000602901	0.0	426	327375
ENSG00000215386	ENST00000602935	0.0	1443	417851
ENSG00000215386	ENST00000619222	0.0	8957	544735
ENSG00000215386	ENST00000635845	0.0	1595	560041
ENSG00000215386	ENST00000652811	0.0	747	412562
ENSG00000215386	ENST00000652938	0.0	806	221036
ENSG00000215386	ENST00000653129	0.0	2116	693922
ENSG00000215386	ENST00000653518	0.0	872	8293
ENSG00000215386	ENST00000653624	0.0	1173	521551
ENSG00000215386	ENST00000653669	0.0	1457	161582
ENSG00000215386	ENST00000653809	0.0	4374	6484
ENSG00000215386	ENST00000654176	0.0	594	412633
ENSG00000215386	ENST00000654245	0.0	1266	72186
ENSG00000215386	ENST00000654360	0.0	2232	581916
ENSG00000215386	ENST00000654560	0.0	1626	3190
ENSG00000215386	ENST00000654997	0.0	1244	294100
ENSG00000215386	ENST00000655197	0.0	748	28414
ENSG00000215386	ENST00000655524	0.0	1379	3508
ENSG00000215386	ENST00000655790	0.0	3967	21714
ENSG00000215386	ENST00000655848	0.0	957	412960
ENSG00000215386	ENST00000655866	0.0	1245	293774
ENSG00000215386	ENST00000656619	0.0	550	412581
ENSG00000215386	ENST00000656642	0.0	4395	540197
ENSG00000215386	ENST00000656690	0.0	1124	3524
ENSG00000215386	ENST00000656817	0.0	1058	482150
ENSG00000215386	ENST00000657060	0.0	535	412846
ENSG00000215386	ENST00000657177	0.0	874	30450
ENSG00000215386	ENST00000657239	0.0	818	7530
ENSG00000215386	ENST00000657408	0.0	1469	417136
ENSG00000215386	ENST00000657520	0.0	3990	190201
ENSG00000215386	ENST00000657710	0.0	4365	416483
ENSG00000215386	ENST00000657745	0.0	1163	413402
ENSG00000215386	ENST00000657977	0.0	773	187863
ENSG00000215386	ENST00000658075	0.0	731	221615
ENSG00000215386	ENST00000658389	0.0	786	187892
ENSG00000215386	ENST00000658514	0.0	627	412072
ENSG00000215386	ENST00000658518	0.0	1350	417830
ENSG00000215386	ENST00000658644	0.0	1212	500909
ENSG00000215386	ENST00000658708	0.0	1425	559666
ENSG00000215386	ENST00000658724	0.0	1054	412929
ENSG00000215386	ENST00000658826	0.0	1460	200848
ENSG00000215386	ENST00000659105	0.0	874	187962
ENSG00000215386	ENST00000659192	0.0	507	187534
ENSG00000215386	ENST00000659209	0.0	674	206828
ENSG00000215386	ENST00000659483	0.0	2976	3581
ENSG00000215386	ENST00000660035	0.0	4300	22226
ENSG00000215386	ENST00000660213	0.0	1259	103187
ENSG00000215386	ENST00000660287	0.0	850	191602
ENSG00000215386	ENST00000660455	0.0	1281	371034
ENSG00000215386	ENST00000660532	0.0	1132	467380
ENSG00000215386	ENST00000660609	0.0	1258	8592
ENSG00000215386	ENST00000660794	0.0	5889	17969
ENSG00000215386	ENST00000660908	0.0	4416	540279
ENSG00000215386	ENST00000661148	0.0	1116	417038
ENSG00000215386	ENST00000661403	0.0	1267	395659
ENSG00000215386	ENST00000661418	0.0	568	395119
ENSG00000215386	ENST00000661771	0.0	689	395166
ENSG00000215386	ENST00000661939	0.0	4030	22046
ENSG00000215386	ENST00000661987	0.0	1474	495056
ENSG00000215386	ENST00000662279	0.0	736	187745
ENSG00000215386	ENST00000662622	0.0	990	293735
ENSG00000215386	ENST00000662647	0.0	674	187711
ENSG00000215386	ENST00000662969	0.0	808	343432
ENSG00000215386	ENST00000663095	0.0	4028	6084
ENSG00000215386	ENST00000663412	0.0	1026	221310
ENSG00000215386	ENST00000663510	0.0	1426	161532
ENSG00000215386	ENST00000663516	0.0	1058	221227
ENSG00000215386	ENST00000663661	0.0	1831	549143
ENSG00000215386	ENST00000663776	0.0	1245	565757
ENSG00000215386	ENST00000663933	0.0	2653	188964
ENSG00000215386	ENST00000663968	0.0	1388	343952
ENSG00000215386	ENST00000664030	0.0	1112	211815
ENSG00000215386	ENST00000664319	0.0	1392	68945
ENSG00000215386	ENST00000664445	0.0	4389	191531
ENSG00000215386	ENST00000664485	0.0	1056	145978
ENSG00000215386	ENST00000664579	0.0	1555	608291
ENSG00000215386	ENST00000664910	0.0	894	221239
ENSG00000215386	ENST00000665189	0.0	704	187695
ENSG00000215386	ENST00000665230	0.0	1244	221204
ENSG00000215386	ENST00000665243	0.0	749	446070
ENSG00000215386	ENST00000665282	0.0	614	412555
ENSG00000215386	ENST00000665504	0.0	1949	94464
ENSG00000215386	ENST00000665555	0.0	1230	293809
ENSG00000215386	ENST00000665779	0.0	3688	3688
ENSG00000215386	ENST00000666465	0.0	751	143054
ENSG00000215386	ENST00000666517	0.0	3611	538756
ENSG00000215386	ENST00000666636	0.0	854	466411
ENSG00000215386	ENST00000666701	0.0	1246	293848
ENSG00000215386	ENST00000666704	0.0	1921	9059
ENSG00000215386	ENST00000666794	0.0	474	482181
ENSG00000215386	ENST00000666860	0.0	671	249970
ENSG00000215386	ENST00000666994	0.0	1312	293891
ENSG00000215386	ENST00000667011	0.0	841	187753
ENSG00000215386	ENST00000667152	0.0	1214	452309
ENSG00000215386	ENST00000667199	0.0	1585	576221
ENSG00000215386	ENST00000667313	0.0	2462	201965
ENSG00000215386	ENST00000667374	0.0	572	207688
ENSG00000215386	ENST00000667401	0.0	2628	188935
ENSG00000215386	ENST00000667485	0.0	2010	617848
ENSG00000215386	ENST00000667533	0.0	4382	477265
ENSG00000215386	ENST00000667703	0.0	733	426025
ENSG00000215386	ENST00000667777	0.0	1246	13785
ENSG00000215386	ENST00000667804	0.0	2388	538262
ENSG00000215386	ENST00000667869	0.0	1273	467196
ENSG00000215386	ENST00000668571	0.0	680	425805
ENSG00000215386	ENST00000668830	0.0	763	169429
ENSG00000215386	ENST00000668889	0.0	511	384242
ENSG00000215386	ENST00000669034	0.0	2672	14801
ENSG00000215386	ENST00000669276	0.0	1062	412950
ENSG00000215386	ENST00000669307	0.0	692	187736
ENSG00000215386	ENST00000669537	0.0	1172	160953
ENSG00000215386	ENST00000670003	0.0	1785	417719
ENSG00000215386	ENST00000670045	0.0	1476	294200
ENSG00000215386	ENST00000670108	0.0	438	249852
ENSG00000215386	ENST00000670290	0.0	666	186919
ENSG00000215386	ENST00000670446	0.0	979	494148
ENSG00000215386	ENST00000670538	0.0	3399	427878
ENSG00000215386	ENST00000670888	0.0	1171	509759
ENSG00000215386	ENST00000670980	0.0	4283	416462
ENSG00000215386	ENST00000671058	0.0	1510	328344
ENSG00000215386	ENST00000671218	0.0	1405	200969
ENSG00000215386	ENST00000671280	0.0	960	1181
ENSG00000215386	ENST00000671437	0.0	3611	415801
ENSG00000215386	ENST00000671666	0.0	1317	417034
ENSG00000215386	ENST00000686312	0.0	870	143249
ENSG00000215386	ENST00000693158	0.0	986	1532
ENSG00000215386	ENST00000697817	0.0	1721	559886
ENSG00000215386	ENST00000697818	0.0	1547	559838
ENSG00000215386	ENST00000697819	0.0	1778	559866
ENSG00000215386	ENST00000697820	0.0	1250	414283
ENSG00000215386	ENST00000697821	0.0	706	412359
ENSG00000215386	ENST00000697822	0.0	1068	293764
ENSG00000215386	ENST00000697823	0.0	772	228264
ENSG00000215386	ENST00000697824	0.0	1067	178791
ENSG00000215386	ENST00000697825	0.0	1273	293800
ENSG00000215386	ENST00000697826	0.0	1149	68062
ENSG00000215386	ENST00000697827	0.0	1130	68047
ENSG00000215386	ENST00000697828	0.0	1180	67997
ENSG00000215386	ENST00000697853	0.0	1234	569432
ENSG00000215386	ENST00000697854	0.0	1788	72896
ENSG00000215386	ENST00000697855	0.0	1454	42749
ENSG00000215386	ENST00000697856	0.0	1312	42721
ENSG00000215386	ENST00000697857	0.0	849	1507
ENSG00000215386	ENST00000697870	0.0	1210	565721
ENSG00000215386	ENST00000697871	0.0	1015	536587
ENSG00000215386	ENST00000697872	0.0	1239	363578
ENSG00000215386	ENST00000697873	0.0	1225	308273
ENSG00000215386	ENST00000697874	0.0	1215	294011
ENSG00000215386	ENST00000697875	0.0	1067	293233
ENSG00000215386	ENST00000697876	0.0	722	349819
ENSG00000215386	ENST00000697877	0.0	554	257949
ENSG00000215386	ENST00000697878	0.0	1364	221444
ENSG00000215386	ENST00000697879	0.0	2065	121960
ENSG00000215386	ENST00000697880	0.0	607	118195
ENSG00000215386	ENST00000697933	0.0	1521	476669
ENSG00000215386	ENST00000697934	0.0	1576	417659
ENSG00000215386	ENST00000697935	0.0	1516	417671
ENSG00000215386	ENST00000697936	0.0	1157	363556
ENSG00000215386	ENST00000697937	0.0	756	412935
ENSG00000215386	ENST00000697938	0.0	1574	363387
ENSG00000215386	ENST00000697939	0.0	1465	363338
ENSG00000215386	ENST00000697940	0.0	1234	308245
ENSG00000215386	ENST00000697941	0.0	506	426344
ENSG00000215386	ENST00000697942	0.0	4282	429346
ENSG00000215386	ENST00000697943	0.0	1375	294041
ENSG00000215386	ENST00000697944	0.0	1594	446274
ENSG00000215386	ENST00000697945	0.0	1185	37607
ENSG00000215386	ENST00000697946	0.0	1266	413261
ENSG00000215386	ENST00000697947	0.0	896	296290
ENSG00000215386	ENST00000697948	0.0	1171	445577
ENSG00000215386	ENST00000697949	0.0	1004	269108
ENSG00000215386	ENST00000697950	0.0	1241	197000
ENSG00000215386	ENST00000697951	0.0	1334	239803
ENSG00000215386	ENST00000697952	0.0	1422	221206
ENSG00000215386	ENST00000697969	0.0	1067	110833
ENSG00000215386	ENST00000697970	0.0	1502	476737
ENSG00000215386	ENST00000697971	0.0	1663	170974
ENSG00000215386	ENST00000697972	0.0	1060	592645
ENSG00000215386	ENST00000697973	0.0	907	190032
ENSG00000215386	ENST00000697974	0.0	1507	233564
ENSG00000215386	ENST00000697975	0.0	1267	566046
ENSG00000215386	ENST00000697976	0.0	651	66407
ENSG00000215386	ENST00000697977	0.0	1368	566027
ENSG00000215386	ENST00000697978	0.0	1141	496602
ENSG00000215386	ENST00000697979	0.0	1289	380720
ENSG00000215386	ENST00000697980	0.0	1215	338103
ENSG00000215386	ENST00000697981	0.0	908	41301
ENSG00000215386	ENST00000697982	0.0	765	425551
ENSG00000215386	ENST00000697983	0.0	1302	80860
ENSG00000215386	ENST00000697984	0.0	1017	223926
ENSG00000215386	ENST00000697985	0.0	1072	208627
ENSG00000215386	ENST00000697986	0.0	986	327996
ENSG00000215386	ENST00000698000	0.0	1612	593952
ENSG00000215386	ENST00000698001	0.0	1549	346420
ENSG00000215386	ENST00000698002	0.0	1248	136392
ENSG00000215386	ENST00000698003	0.0	710	151747
ENSG00000215386	ENST00000698004	0.0	900	69108
ENSG00000215386	ENST00000698005	0.0	855	200050
ENSG00000215386	ENST00000698006	0.0	1086	12446
ENSG00000215386	ENST00000698007	0.0	1109	2778
ENSG00000215386	ENST00000698008	0.0	704	9839
ENSG00000215386	ENST00000698049	0.0	1599	447220
ENSG00000215386	ENST00000698050	0.0	1441	417820
ENSG00000215386	ENST00000698051	0.0	892	536622
ENSG00000215386	ENST00000698052	0.0	1500	417786
ENSG00000215386	ENST00000698061	0.0	616	482349
ENSG00000215386	ENST00000698062	0.0	1109	363361
ENSG00000215386	ENST00000698063	0.0	1466	363351
ENSG00000215386	ENST00000698064	0.0	592	425859
ENSG00000215386	ENST00000698065	0.0	1099	306997
ENSG00000215386	ENST00000698066	0.0	1386	306959
ENSG00000215386	ENST00000698067	0.0	621	395093
ENSG00000215386	ENST00000698068	0.0	1167	208577
ENSG00000215386	ENST00000698093	0.0	917	425281
ENSG00000215386	ENST00000698094	0.0	4261	415736
ENSG00000215386	ENST00000698095	0.0	726	115138
ENSG00000215386	ENST00000698096	0.0	4018	21961
ENSG00000215386	ENST00000698109	0.0	1814	561177
ENSG00000215386	ENST00000698110	0.0	4412	540160
ENSG00000215386	ENST00000698111	0.0	830	343296
ENSG00000215386	ENST00000698121	0.0	3962	539897
ENSG00000215386	ENST00000698122	0.0	4255	416191
ENSG00000215386	ENST00000698123	0.0	753	432664
ENSG00000215386	ENST00000698124	0.0	3933	306133
ENSG00000215386	ENST00000698125	0.0	1678	212205
ENSG00000215386	ENST00000698126	0.0	246	759
ENSG00000215386	ENST00000698127	0.0	1699	3053
ENSG00000215386	ENST00000698161	0.0	4417	599046
ENSG00000215386	ENST00000698162	0.0	1402	417820
ENSG00000215386	ENST00000698163	0.0	2036	525245
ENSG00000215386	ENST00000698164	0.0	3853	539224
ENSG00000215386	ENST00000698165	0.0	4123	416157
ENSG00000215386	ENST00000698166	0.0	4130	280115
ENSG00000215386	ENST00000698167	0.0	470	187409
ENSG00000215386	ENST00000698168	0.0	495	15922
ENSG00000215386	ENST00000701019	0.0	665	44370
ENSG00000215386	ENST00000701157	0.0	815	1163
ENSG00000215386	ENST00000701373	0.0	1098	3479
ENSG00000215386	ENST00000701389	0.0	710	143294
ENSG00000215386	ENST00000701447	0.0	1088	44438
ENSG00000215386	ENST00000701495	0.0	885	536589
ENSG00000215424	ENST00000414659	0.0	2539	22471
ENSG00000215424	ENST00000420074	0.0	1947	5930
ENSG00000215424	ENST00000421927	0.0	2280	13753
ENSG00000215424	ENST00000432735	0.0	2302	13766
ENSG00000215424	ENST00000444998	0.0	2193	13760
ENSG00000215424	ENST00000455567	0.0	2373	22506
ENSG00000215424	ENST00000588753	0.0	589	15593
ENSG00000215424	ENST00000590829	0.0	703	30174
ENSG00000215424	ENST00000591223	0.0	572	14526
ENSG00000215424	ENST00000654493	0.0	2179	13746
ENSG00000215424	ENST00000656253	0.0	2386	22522
ENSG00000215424	ENST00000662666	0.0	2424	22460
ENSG00000215424	ENST00000664725	0.0	3213	17064
ENSG00000215424	ENST00000669476	0.0	2621	22651
ENSG00000215424	ENST00000670190	0.0	3051	17008
ENSG00000215458	ENST00000400385	0.0	4598	6810
ENSG00000215458	ENST00000437258	0.0	932	4574
ENSG00000215458	ENST00000448247	0.0	1889	4604
ENSG00000215533	ENST00000420364	0.0	989	94712
ENSG00000215533	ENST00000431661	0.0	308	90171
ENSG00000215533	ENST00000447125	0.0	783	94726
ENSG00000215559	ENST00000451663	0.0	3717	70338
ENSG00000215562	ENST00000400583	0.0	932	932
ENSG00000215734	ENST00000400819	0.0	433	433
ENSG00000217026	ENST00000447844	0.0	644	644
ENSG00000218125	ENST00000406413	0.0	156	156
ENSG00000218549	ENST00000406538	0.0	945	945
ENSG00000219280	ENST00000407739	0.0	893	893
ENSG00000219368	ENST00000406845	0.0	1804	1804
ENSG00000219592	ENST00000406229	0.0	144	144
ENSG00000221398	ENST00000408471	0.0	128	128
ENSG00000221837	ENST00000484861	0.0	453	1171
ENSG00000222042	ENST00000409758	0.0	763	164395
ENSG00000222042	ENST00000656005	0.0	786	192437
ENSG00000222042	ENST00000667825	0.0	863	192410
ENSG00000223078	ENST00000411146	0.0	174	174
ENSG00000223262	ENST00000411330	0.0	114	114
ENSG00000223287	ENST00000411355	0.0	107	107
ENSG00000223400	ENST00000418874	0.0	346	5185
ENSG00000223431	ENST00000443620	0.0	482	845
ENSG00000223488	ENST00000379571	0.0	2060	2060
ENSG00000223563	ENST00000426771	0.0	361	50367
ENSG00000223608	ENST00000417138	0.0	424	4075
ENSG00000223662	ENST00000449214	0.0	840	16102
ENSG00000223671	ENST00000421454	0.0	338	338
ENSG00000223692	ENST00000442434	0.0	428	6836
ENSG00000223741	ENST00000433951	0.0	1109	1429
ENSG00000223768	ENST00000400362	0.0	7553	9770
ENSG00000223768	ENST00000433465	0.0	1457	2574
ENSG00000223768	ENST00000454115	0.0	480	2618
ENSG00000223768	ENST00000647108	0.0	4397	9293
ENSG00000223768	ENST00000701789	0.0	824	8512
ENSG00000223799	ENST00000411998	0.0	2264	2424
ENSG00000223806	ENST00000411989	0.0	1790	3497
ENSG00000223806	ENST00000429621	0.0	827	8440
ENSG00000223806	ENST00000448579	0.0	681	3033
ENSG00000223806	ENST00000663481	0.0	1516	8155
ENSG00000223822	ENST00000447052	0.0	739	739
ENSG00000223870	ENST00000426609	0.0	291	7779
ENSG00000223901	ENST00000418029	0.0	788	2073
ENSG00000223901	ENST00000626933	0.0	695	5021
ENSG00000223975	ENST00000436359	0.0	280	1990
ENSG00000224018	ENST00000448063	0.0	693	33173
ENSG00000224018	ENST00000654547	0.0	974	38024
ENSG00000224018	ENST00000661367	0.0	1089	38054
ENSG00000224100	ENST00000428410	0.0	437	725
ENSG00000224141	ENST00000355189	0.0	673	198190
ENSG00000224141	ENST00000414582	0.0	615	140967
ENSG00000224141	ENST00000437492	0.0	730	198558
ENSG00000224141	ENST00000653218	0.0	1401	171452
ENSG00000224141	ENST00000656413	0.0	840	148218
ENSG00000224141	ENST00000671206	0.0	1165	199051
ENSG00000224247	ENST00000433588	0.0	1376	2193
ENSG00000224269	ENST00000430607	0.0	339	2792
ENSG00000224309	ENST00000435744	0.0	1610	28826
ENSG00000224388	ENST00000433378	0.0	382	530
ENSG00000224413	ENST00000451618	0.0	2198	2756
ENSG00000224421	ENST00000444161	0.0	235	235
ENSG00000224427	ENST00000444036	0.0	316	316
ENSG00000224524	ENST00000450823	0.0	238	238
ENSG00000224541	ENST00000455275	0.0	392	17734
ENSG00000224574	ENST00000446475	0.0	552	2680
ENSG00000224598	ENST00000415238	0.0	640	640
ENSG00000224602	ENST00000418544	0.0	335	335
ENSG00000224649	ENST00000430001	0.0	327	5769
ENSG00000224747	ENST00000443300	0.0	1113	2588
ENSG00000224790	ENST00000430068	0.0	438	5317
ENSG00000224790	ENST00000637940	0.0	2189	8680
ENSG00000224790	ENST00000653177	0.0	2540	4482
ENSG00000224832	ENST00000416218	0.0	2007	16828
ENSG00000224832	ENST00000642623	0.0	1140	5349
ENSG00000224860	ENST00000433312	0.0	1230	1230
ENSG00000224905	ENST00000428809	0.0	1332	117048
ENSG00000224905	ENST00000432621	0.0	1084	117048
ENSG00000224905	ENST00000448463	0.0	816	61632
ENSG00000224905	ENST00000653756	0.0	578	61369
ENSG00000224905	ENST00000690295	0.0	905	97210
ENSG00000224922	ENST00000444356	0.0	458	1809
ENSG00000224924	ENST00000416768	0.0	1871	60495
ENSG00000224924	ENST00000419299	0.0	1148	60491
ENSG00000224924	ENST00000435279	0.0	1746	60309
ENSG00000224924	ENST00000437238	0.0	2017	60517
ENSG00000224924	ENST00000452561	0.0	1870	60190
ENSG00000224924	ENST00000652807	0.0	2234	60787
ENSG00000224924	ENST00000653294	0.0	1425	36009
ENSG00000224924	ENST00000653863	0.0	1230	35546
ENSG00000224924	ENST00000654018	0.0	2118	60777
ENSG00000224924	ENST00000654371	0.0	1165	46182
ENSG00000224924	ENST00000654618	0.0	2083	60495
ENSG00000224924	ENST00000654836	0.0	4130	28046
ENSG00000224924	ENST00000655010	0.0	1011	60455
ENSG00000224924	ENST00000655207	0.0	1326	46261
ENSG00000224924	ENST00000655298	0.0	1149	60477
ENSG00000224924	ENST00000655525	0.0	2110	60553
ENSG00000224924	ENST00000655551	0.0	2202	60711
ENSG00000224924	ENST00000655781	0.0	3750	75877
ENSG00000224924	ENST00000655949	0.0	1180	60500
ENSG00000224924	ENST00000655997	0.0	2197	60716
ENSG00000224924	ENST00000656151	0.0	2453	60711
ENSG00000224924	ENST00000656294	0.0	1308	46277
ENSG00000224924	ENST00000656404	0.0	2030	60278
ENSG00000224924	ENST00000658084	0.0	2004	60470
ENSG00000224924	ENST00000658250	0.0	2664	61230
ENSG00000224924	ENST00000658406	0.0	994	74282
ENSG00000224924	ENST00000658509	0.0	573	799
ENSG00000224924	ENST00000658569	0.0	2152	60501
ENSG00000224924	ENST00000658703	0.0	2322	60711
ENSG00000224924	ENST00000659193	0.0	2136	60495
ENSG00000224924	ENST00000659277	0.0	4932	67514
ENSG00000224924	ENST00000659325	0.0	1552	46464
ENSG00000224924	ENST00000659386	0.0	1660	60172
ENSG00000224924	ENST00000659911	0.0	1390	46272
ENSG00000224924	ENST00000659998	0.0	1340	60677
ENSG00000224924	ENST00000660140	0.0	1514	46430
ENSG00000224924	ENST00000660247	0.0	1221	25263
ENSG00000224924	ENST00000660599	0.0	1202	46238
ENSG00000224924	ENST00000661350	0.0	1973	60666
ENSG00000224924	ENST00000661917	0.0	2130	60643
ENSG00000224924	ENST00000663052	0.0	2168	60687
ENSG00000224924	ENST00000663053	0.0	5003	50035
ENSG00000224924	ENST00000663293	0.0	4836	67475
ENSG00000224924	ENST00000663537	0.0	1329	46418
ENSG00000224924	ENST00000664349	0.0	5052	67514
ENSG00000224924	ENST00000664379	0.0	1298	63764
ENSG00000224924	ENST00000665333	0.0	2207	60703
ENSG00000224924	ENST00000665378	0.0	2156	60776
ENSG00000224924	ENST00000665419	0.0	1325	60498
ENSG00000224924	ENST00000665470	0.0	2103	60719
ENSG00000224924	ENST00000665477	0.0	1686	60190
ENSG00000224924	ENST00000665548	0.0	2078	60891
ENSG00000224924	ENST00000665709	0.0	1334	64071
ENSG00000224924	ENST00000665727	0.0	1229	60629
ENSG00000224924	ENST00000665849	0.0	2103	60559
ENSG00000224924	ENST00000665918	0.0	2131	60524
ENSG00000224924	ENST00000666206	0.0	1792	60195
ENSG00000224924	ENST00000666222	0.0	1178	63697
ENSG00000224924	ENST00000666608	0.0	1751	60109
ENSG00000224924	ENST00000666665	0.0	1469	59951
ENSG00000224924	ENST00000666757	0.0	2021	60477
ENSG00000224924	ENST00000667018	0.0	2238	60700
ENSG00000224924	ENST00000667667	0.0	1189	60513
ENSG00000224924	ENST00000667679	0.0	2288	60687
ENSG00000224924	ENST00000668142	0.0	1207	60474
ENSG00000224924	ENST00000669117	0.0	1780	61157
ENSG00000224924	ENST00000669197	0.0	1328	46200
ENSG00000224924	ENST00000669337	0.0	2047	60513
ENSG00000224924	ENST00000669643	0.0	1297	118362
ENSG00000224924	ENST00000669863	0.0	2172	60508
ENSG00000224924	ENST00000670141	0.0	1092	46167
ENSG00000224924	ENST00000670351	0.0	1889	60486
ENSG00000224924	ENST00000670578	0.0	4795	67327
ENSG00000224924	ENST00000670750	0.0	2218	60664
ENSG00000224924	ENST00000670894	0.0	4744	67330
ENSG00000224924	ENST00000671000	0.0	2560	61233
ENSG00000224924	ENST00000671660	0.0	1363	60580
ENSG00000224924	ENST00000688468	0.0	1620	60120
ENSG00000224924	ENST00000700928	0.0	1481	60164
ENSG00000224924	ENST00000701102	0.0	1739	60131
ENSG00000224924	ENST00000701250	0.0	1799	60246
ENSG00000224924	ENST00000701262	0.0	1019	60516
ENSG00000224924	ENST00000701305	0.0	1518	60143
ENSG00000224924	ENST00000701638	0.0	1243	25275
ENSG00000225043	ENST00000450007	0.0	482	482
ENSG00000225218	ENST00000431150	0.0	285	5438
ENSG00000225267	ENST00000430538	0.0	502	502
ENSG00000225298	ENST00000411460	0.0	524	28855
ENSG00000225298	ENST00000425376	0.0	509	28836
ENSG00000225298	ENST00000442550	0.0	572	26435
ENSG00000225330	ENST00000416555	0.0	544	95815
ENSG00000225331	ENST00000411694	0.0	863	1333
ENSG00000225331	ENST00000424921	0.0	475	1062
ENSG00000225331	ENST00000701364	0.0	717	717
ENSG00000225431	ENST00000419628	0.0	1811	15815
ENSG00000225502	ENST00000448152	0.0	962	962
ENSG00000225555	ENST00000440403	0.0	2643	22266
ENSG00000225637	ENST00000435702	0.0	2816	3235
ENSG00000225731	ENST00000437426	0.0	1754	8165
ENSG00000225735	ENST00000433383	0.0	879	879
ENSG00000225906	ENST00000438328	0.0	629	1419
ENSG00000226012	ENST00000444977	0.0	287	985
ENSG00000226043	ENST00000444130	0.0	435	210881
ENSG00000226043	ENST00000654607	0.0	1049	199087
ENSG00000226043	ENST00000667099	0.0	1482	199489
ENSG00000226054	ENST00000452572	0.0	888	888
ENSG00000226115	ENST00000435738	0.0	355	1052
ENSG00000226204	ENST00000449840	0.0	424	13795
ENSG00000226298	ENST00000454157	0.0	1152	2282
ENSG00000226406	ENST00000454795	0.0	836	836
ENSG00000226433	ENST00000450830	0.0	849	6489
ENSG00000226433	ENST00000669414	0.0	884	6497
ENSG00000226496	ENST00000435493	0.0	2137	6532
ENSG00000226496	ENST00000441268	0.0	2095	6641
ENSG00000226496	ENST00000446910	0.0	580	4254
ENSG00000226496	ENST00000654244	0.0	2160	6706
ENSG00000226496	ENST00000660097	0.0	2234	6521
ENSG00000226501	ENST00000451645	0.0	502	502
ENSG00000226527	ENST00000421051	0.0	1578	12222
ENSG00000226527	ENST00000655501	0.0	1522	10547
ENSG00000226527	ENST00000657804	0.0	2264	11419
ENSG00000226527	ENST00000670527	0.0	2008	12782
ENSG00000226543	ENST00000449877	0.0	453	453
ENSG00000226580	ENST00000445481	0.0	146	146
ENSG00000226771	ENST00000425058	0.0	635	3535
ENSG00000226818	ENST00000413933	0.0	1850	1850
ENSG00000226930	ENST00000424290	0.0	697	45804
ENSG00000226935	ENST00000412526	0.0	870	1038
ENSG00000226935	ENST00000455939	0.0	514	1038
ENSG00000226956	ENST00000416641	0.0	516	1109
ENSG00000226983	ENST00000441009	0.0	2719	217197
ENSG00000226983	ENST00000659370	0.0	1347	12730
ENSG00000226996	ENST00000415269	0.0	217	370
ENSG00000226996	ENST00000434859	0.0	847	7030
ENSG00000227039	ENST00000429132	0.0	338	6703
ENSG00000227039	ENST00000441379	0.0	2282	8628
ENSG00000227039	ENST00000608043	0.0	551	6869
ENSG00000227039	ENST00000609592	0.0	482	6898
ENSG00000227039	ENST00000609694	0.0	555	6830
ENSG00000227039	ENST00000610063	0.0	478	6867
ENSG00000227039	ENST00000688945	0.0	1870	2056
ENSG00000227039	ENST00000692198	0.0	1894	1894
ENSG00000227054	ENST00000450769	0.0	375	375
ENSG00000227075	ENST00000452500	0.0	530	42367
ENSG00000227090	ENST00000446404	0.0	540	16081
ENSG00000227256	ENST00000453549	0.0	769	3126
ENSG00000227330	ENST00000432412	0.0	478	92535
ENSG00000227342	ENST00000451410	0.0	424	2633
ENSG00000227406	ENST00000444889	0.0	1784	3304
ENSG00000227438	ENST00000454245	0.0	672	4267
ENSG00000227456	ENST00000416145	0.0	396	7819
ENSG00000227456	ENST00000419881	0.0	910	8438
ENSG00000227456	ENST00000428914	0.0	655	2569
ENSG00000227456	ENST00000430922	0.0	2086	10060
ENSG00000227456	ENST00000609062	0.0	863	8352
ENSG00000227456	ENST00000609947	0.0	892	8455
ENSG00000227456	ENST00000619549	0.0	637	3012
ENSG00000227456	ENST00000630751	0.0	725	31194
ENSG00000227456	ENST00000652428	0.0	2037	9154
ENSG00000227698	ENST00000432411	0.0	447	2858
ENSG00000227702	ENST00000413718	0.0	575	18156
ENSG00000227716	ENST00000433101	0.0	861	13084
ENSG00000227721	ENST00000451820	0.0	336	336
ENSG00000227757	ENST00000454622	0.0	682	157456
ENSG00000227840	ENST00000423658	0.0	188	188
ENSG00000227874	ENST00000435181	0.0	1110	1679
ENSG00000227999	ENST00000445440	0.0	1375	1375
ENSG00000228107	ENST00000397184	0.0	596	1411
ENSG00000228120	ENST00000433840	0.0	1052	3212
ENSG00000228137	ENST00000444966	0.0	390	793
ENSG00000228149	ENST00000437106	0.0	1211	1211
ENSG00000228159	ENST00000427446	0.0	504	12429
ENSG00000228159	ENST00000660298	0.0	981	58893
ENSG00000228159	ENST00000664515	0.0	978	58888
ENSG00000228159	ENST00000671654	0.0	1095	58888
ENSG00000228184	ENST00000444901	0.0	2981	2981
ENSG00000228235	ENST00000429512	0.0	415	510
ENSG00000228314	ENST00000420685	0.0	446	955
ENSG00000228318	ENST00000411427	0.0	1116	4653
ENSG00000228349	ENST00000431743	0.0	355	355
ENSG00000228355	ENST00000416468	0.0	188	1300
ENSG00000228355	ENST00000456613	0.0	319	1424
ENSG00000228404	ENST00000415026	0.0	557	3863
ENSG00000228433	ENST00000435600	0.0	1000	1000
ENSG00000228592	ENST00000262354	0.0	1784	23817
ENSG00000228592	ENST00000653972	0.0	2247	61621
ENSG00000228592	ENST00000654898	0.0	2848	23083
ENSG00000228592	ENST00000655729	0.0	3229	31872
ENSG00000228592	ENST00000656174	0.0	1273	62044
ENSG00000228592	ENST00000661065	0.0	924	11354
ENSG00000228592	ENST00000664912	0.0	1071	42132
ENSG00000228592	ENST00000665559	0.0	1119	60471
ENSG00000228600	ENST00000453699	0.0	765	765
ENSG00000228677	ENST00000424733	0.0	1097	6261
ENSG00000228708	ENST00000455391	0.0	461	9242
ENSG00000228709	ENST00000449713	0.0	1857	5657
ENSG00000228709	ENST00000622854	0.0	2522	10057
ENSG00000228709	ENST00000698336	0.0	5786	9949
ENSG00000228817	ENST00000436529	0.0	806	2763
ENSG00000228817	ENST00000608072	0.0	691	2680
ENSG00000228817	ENST00000626681	0.0	477	477
ENSG00000228861	ENST00000467573	0.0	473	473
ENSG00000228930	ENST00000429327	0.0	192	192
ENSG00000228941	ENST00000429033	0.0	2259	2569
ENSG00000228961	ENST00000424837	0.0	576	1679
ENSG00000229007	ENST00000448649	0.0	500	500
ENSG00000229025	ENST00000435878	0.0	516	855
ENSG00000229046	ENST00000445197	0.0	310	310
ENSG00000229047	ENST00000446301	0.0	562	2925
ENSG00000229086	ENST00000451980	0.0	1357	5841
ENSG00000229086	ENST00000637328	0.0	454	4626
ENSG00000229231	ENST00000431297	0.0	1995	1995
ENSG00000229289	ENST00000424219	0.0	469	3901
ENSG00000229306	ENST00000457565	0.0	323	17017
ENSG00000229336	ENST00000282964	0.0	442	442
ENSG00000229356	ENST00000426578	0.0	784	4299
ENSG00000229382	ENST00000445242	0.0	379	1959
ENSG00000229425	ENST00000449602	0.0	2845	33337
ENSG00000229425	ENST00000634642	0.0	1047	73867
ENSG00000229425	ENST00000634644	0.0	1513	256759
ENSG00000229425	ENST00000634659	0.0	527	5681
ENSG00000229425	ENST00000634708	0.0	1205	256758
ENSG00000229425	ENST00000634853	0.0	933	66627
ENSG00000229425	ENST00000635225	0.0	1169	74213
ENSG00000229425	ENST00000635525	0.0	4267	104448
ENSG00000229425	ENST00000635621	0.0	1401	74088
ENSG00000229425	ENST00000635684	0.0	1331	60082
ENSG00000229425	ENST00000653886	0.0	1415	151537
ENSG00000229425	ENST00000654045	0.0	2175	222612
ENSG00000229425	ENST00000655203	0.0	729	88823
ENSG00000229425	ENST00000656127	0.0	2779	32216
ENSG00000229425	ENST00000657904	0.0	2271	104284
ENSG00000229425	ENST00000658320	0.0	872	151327
ENSG00000229425	ENST00000658863	0.0	4049	33395
ENSG00000229425	ENST00000659443	0.0	1620	117267
ENSG00000229425	ENST00000660967	0.0	1076	101195
ENSG00000229425	ENST00000662630	0.0	1638	222408
ENSG00000229425	ENST00000664748	0.0	3944	34728
ENSG00000229425	ENST00000666351	0.0	1626	21292
ENSG00000229425	ENST00000669763	0.0	4357	104373
ENSG00000229425	ENST00000670882	0.0	4401	153449
ENSG00000229425	ENST00000700871	0.0	1474	222149
ENSG00000229425	ENST00000700903	0.0	1235	222256
ENSG00000229425	ENST00000701179	0.0	1296	59948
ENSG00000229425	ENST00000701516	0.0	1101	67272
ENSG00000229623	ENST00000438852	0.0	635	635
ENSG00000229761	ENST00000434853	0.0	354	354
ENSG00000229880	ENST00000435590	0.0	2219	2219
ENSG00000229925	ENST00000434589	0.0	288	15134
ENSG00000229962	ENST00000419694	0.0	1269	3184
ENSG00000229962	ENST00000658909	0.0	1306	3210
ENSG00000229962	ENST00000665316	0.0	1298	3511
ENSG00000229986	ENST00000416842	0.0	487	2398
ENSG00000230061	ENST00000423310	0.0	586	10685
ENSG00000230061	ENST00000456880	0.0	2056	2146
ENSG00000230198	ENST00000448908	0.0	268	268
ENSG00000230212	ENST00000415147	0.0	159	722
ENSG00000230212	ENST00000535199	0.0	1221	56999
ENSG00000230233	ENST00000416002	0.0	879	35930
ENSG00000230323	ENST00000411605	0.0	438	5980
ENSG00000230323	ENST00000414877	0.0	428	117498
ENSG00000230323	ENST00000658887	0.0	1225	18150
ENSG00000230366	ENST00000454482	0.0	1644	13234
ENSG00000230366	ENST00000578829	0.0	661	12193
ENSG00000230366	ENST00000581640	0.0	472	12186
ENSG00000230366	ENST00000584840	0.0	694	12195
ENSG00000230366	ENST00000585273	0.0	751	12194
ENSG00000230379	ENST00000441666	0.0	441	13727
ENSG00000230379	ENST00000444178	0.0	309	54387
ENSG00000230379	ENST00000454182	0.0	252	5550
ENSG00000230479	ENST00000429588	0.0	893	50711
ENSG00000230794	ENST00000412240	0.0	349	19804
ENSG00000230859	ENST00000456507	0.0	480	480
ENSG00000230870	ENST00000393804	0.0	1474	1474
ENSG00000230965	ENST00000412442	0.0	529	529
ENSG00000230972	ENST00000421604	0.0	762	65716
ENSG00000230978	ENST00000430635	0.0	693	13375
ENSG00000230978	ENST00000651753	0.0	979	13398
ENSG00000230982	ENST00000419906	0.0	465	465
ENSG00000231058	ENST00000445341	0.0	1368	1852
ENSG00000231106	ENST00000457157	0.0	1249	2702
ENSG00000231123	ENST00000423089	0.0	438	438
ENSG00000231125	ENST00000457162	0.0	794	2023
ENSG00000231136	ENST00000454567	0.0	350	350
ENSG00000231201	ENST00000436429	0.0	824	21385
ENSG00000231231	ENST00000414189	0.0	608	9730
ENSG00000231231	ENST00000436845	0.0	423	7070
ENSG00000231236	ENST00000420186	0.0	2603	89695
ENSG00000231300	ENST00000431167	0.0	291	291
ENSG00000231324	ENST00000457669	0.0	1133	4353
ENSG00000231355	ENST00000450928	0.0	666	1760
ENSG00000231480	ENST00000442212	0.0	177	177
ENSG00000231620	ENST00000433210	0.0	636	2127
ENSG00000231713	ENST00000419826	0.0	699	1839
ENSG00000231713	ENST00000457325	0.0	1542	2926
ENSG00000231755	ENST00000447175	0.0	1117	50593
ENSG00000231867	ENST00000429903	0.0	387	1038
ENSG00000231867	ENST00000455116	0.0	450	1025
ENSG00000231986	ENST00000441465	0.0	680	1744
ENSG00000232010	ENST00000442785	0.0	523	708
ENSG00000232079	ENST00000423808	0.0	874	12902
ENSG00000232079	ENST00000426534	0.0	1764	89208
ENSG00000232079	ENST00000436878	0.0	822	12796
ENSG00000232079	ENST00000458316	0.0	1122	55134
ENSG00000232079	ENST00000609782	0.0	763	5454
ENSG00000232079	ENST00000616647	0.0	544	12284
ENSG00000232079	ENST00000631186	0.0	560	15822
ENSG00000232079	ENST00000657256	0.0	1092	16300
ENSG00000232118	ENST00000449923	0.0	241	1208
ENSG00000232118	ENST00000615718	0.0	700	6281
ENSG00000232124	ENST00000423967	0.0	697	6487
ENSG00000232124	ENST00000437557	0.0	1641	2249
ENSG00000232124	ENST00000665511	0.0	1513	2121
ENSG00000232193	ENST00000440372	0.0	784	17926
ENSG00000232260	ENST00000413813	0.0	468	468
ENSG00000232360	ENST00000427911	0.0	384	5568
ENSG00000232401	ENST00000432830	0.0	611	1774
ENSG00000232401	ENST00000656530	0.0	1146	2141
ENSG00000232401	ENST00000657727	0.0	1147	1603
ENSG00000232401	ENST00000658211	0.0	791	1730
ENSG00000232401	ENST00000661908	0.0	1172	2168
ENSG00000232401	ENST00000667584	0.0	1149	2170
ENSG00000232401	ENST00000669012	0.0	1124	2094
ENSG00000232401	ENST00000669036	0.0	1235	1775
ENSG00000232512	ENST00000418942	0.0	684	8629
ENSG00000232512	ENST00000453802	0.0	577	8649
ENSG00000232539	ENST00000453716	0.0	753	7155
ENSG00000232560	ENST00000440664	0.0	1702	11284
ENSG00000232560	ENST00000613691	0.0	219	7128
ENSG00000232608	ENST00000419324	0.0	266	883
ENSG00000232623	ENST00000450936	0.0	582	2274
ENSG00000232687	ENST00000412942	0.0	488	488
ENSG00000232692	ENST00000421771	0.0	1078	81563
ENSG00000232692	ENST00000429340	0.0	781	92551
ENSG00000232692	ENST00000444306	0.0	601	54690
ENSG00000232692	ENST00000452460	0.0	644	30362
ENSG00000232777	ENST00000450190	0.0	376	376
ENSG00000232797	ENST00000443486	0.0	507	507
ENSG00000232806	ENST00000415820	0.0	422	3834
ENSG00000232837	ENST00000433952	0.0	1598	3346
ENSG00000232855	ENST00000430247	0.0	683	182056
ENSG00000232855	ENST00000433310	0.0	6103	235503
ENSG00000232855	ENST00000452028	0.0	443	3793
ENSG00000232855	ENST00000654020	0.0	1027	41626
ENSG00000232855	ENST00000657148	0.0	2702	103853
ENSG00000232855	ENST00000659279	0.0	625	146222
ENSG00000232884	ENST00000435315	0.0	1499	2185
ENSG00000232884	ENST00000454128	0.0	1780	7087
ENSG00000232884	ENST00000455253	0.0	1724	7102
ENSG00000232884	ENST00000654377	0.0	738	7091
ENSG00000232884	ENST00000655631	0.0	2193	7094
ENSG00000232884	ENST00000658213	0.0	748	7148
ENSG00000232884	ENST00000660333	0.0	1542	25530
ENSG00000232884	ENST00000660772	0.0	1261	25466
ENSG00000232884	ENST00000661285	0.0	677	7079
ENSG00000232884	ENST00000665066	0.0	731	10681
ENSG00000232884	ENST00000670675	0.0	1541	7488
ENSG00000232884	ENST00000673788	0.0	764	86318
ENSG00000232884	ENST00000674136	0.0	1923	16126
ENSG00000232884	ENST00000685873	0.0	1495	2220
ENSG00000232884	ENST00000688014	0.0	369	1449
ENSG00000232884	ENST00000700842	0.0	680	76777
ENSG00000232886	ENST00000430064	0.0	377	10817
ENSG00000232969	ENST00000426029	0.0	127	1095
ENSG00000233036	ENST00000440620	0.0	186	186
ENSG00000233206	ENST00000413190	0.0	320	320
ENSG00000233215	ENST00000416327	0.0	795	9213
ENSG00000233215	ENST00000419467	0.0	465	13196
ENSG00000233215	ENST00000420255	0.0	897	89302
ENSG00000233215	ENST00000656955	0.0	1448	32686
ENSG00000233215	ENST00000666229	0.0	1144	30676
ENSG00000233215	ENST00000667392	0.0	1358	54203
ENSG00000233215	ENST00000667604	0.0	954	12376
ENSG00000233215	ENST00000669715	0.0	1056	89361
ENSG00000233236	ENST00000436373	0.0	864	2069
ENSG00000233300	ENST00000420241	0.0	934	934
ENSG00000233316	ENST00000432141	0.0	860	2489
ENSG00000233393	ENST00000422473	0.0	2336	4810
ENSG00000233393	ENST00000685204	0.0	505	2963
ENSG00000233442	ENST00000450880	0.0	1275	7747
ENSG00000233480	ENST00000443479	0.0	412	6477
ENSG00000233480	ENST00000652251	0.0	1054	6931
ENSG00000233640	ENST00000418755	0.0	499	499
ENSG00000233676	ENST00000425091	0.0	512	512
ENSG00000233754	ENST00000420273	0.0	784	1156
ENSG00000233756	ENST00000440363	0.0	720	12261
ENSG00000233756	ENST00000441910	0.0	464	15390
ENSG00000233767	ENST00000428242	0.0	164	164
ENSG00000233783	ENST00000456904	0.0	912	1455
ENSG00000233783	ENST00000596385	0.0	876	7555
ENSG00000233783	ENST00000596669	0.0	838	838
ENSG00000233783	ENST00000597894	0.0	557	7498
ENSG00000233783	ENST00000599572	0.0	370	1090
ENSG00000233783	ENST00000600590	0.0	1573	8375
ENSG00000233783	ENST00000617755	0.0	659	6373
ENSG00000233783	ENST00000667606	0.0	602	11013
ENSG00000233818	ENST00000428667	0.0	715	86678
ENSG00000233818	ENST00000454980	0.0	649	14931
ENSG00000233922	ENST00000424569	0.0	821	3414
ENSG00000233922	ENST00000441095	0.0	6721	9403
ENSG00000233922	ENST00000662558	0.0	1026	1755
ENSG00000233922	ENST00000671273	0.0	1473	2390
ENSG00000233922	ENST00000685333	0.0	450	5884
ENSG00000233956	ENST00000448054	0.0	499	499
ENSG00000233997	ENST00000425979	0.0	482	50443
ENSG00000233997	ENST00000430060	0.0	760	50431
ENSG00000234008	ENST00000440405	0.0	613	613
ENSG00000234030	ENST00000452969	0.0	451	451
ENSG00000234034	ENST00000441759	0.0	977	19455
ENSG00000234052	ENST00000426418	0.0	1072	15403
ENSG00000234052	ENST00000657236	0.0	594	33559
ENSG00000234052	ENST00000660773	0.0	1295	15340
ENSG00000234052	ENST00000662686	0.0	849	36375
ENSG00000234052	ENST00000668267	0.0	1016	36363
ENSG00000234083	ENST00000433344	0.0	572	30374
ENSG00000234107	ENST00000458495	0.0	518	518
ENSG00000234159	ENST00000433427	0.0	502	1077
ENSG00000234293	ENST00000429843	0.0	406	4340
ENSG00000234340	ENST00000433524	0.0	1386	1386
ENSG00000234380	ENST00000419921	0.0	767	2531
ENSG00000234380	ENST00000420877	0.0	2633	39131
ENSG00000234380	ENST00000652751	0.0	2547	2937
ENSG00000234439	ENST00000447938	0.0	1258	1258
ENSG00000234509	ENST00000449339	0.0	2233	5908
ENSG00000234538	ENST00000453500	0.0	292	292
ENSG00000234703	ENST00000455028	0.0	698	2585
ENSG00000234730	ENST00000428205	0.0	609	48675
ENSG00000234880	ENST00000434081	0.0	2155	4223
ENSG00000234880	ENST00000439088	0.0	2135	4206
ENSG00000234883	ENST00000456917	0.0	1699	13359
ENSG00000234883	ENST00000659862	0.0	1571	13121
ENSG00000235012	ENST00000411867	0.0	3980	4273
ENSG00000235023	ENST00000424890	0.0	2854	2974
ENSG00000235123	ENST00000422749	0.0	1185	2276
ENSG00000235123	ENST00000427451	0.0	1640	2276
ENSG00000235123	ENST00000444046	0.0	1153	2276
ENSG00000235123	ENST00000455354	0.0	1282	2276
ENSG00000235277	ENST00000430391	0.0	781	28563
ENSG00000235312	ENST00000445258	0.0	187	187
ENSG00000235374	ENST00000415143	0.0	412	412
ENSG00000235514	ENST00000436405	0.0	396	396
ENSG00000235564	ENST00000447405	0.0	1373	8179
ENSG00000235609	ENST00000432230	0.0	5929	195588
ENSG00000235701	ENST00000437262	0.0	977	977
ENSG00000235772	ENST00000442605	0.0	575	1561
ENSG00000235808	ENST00000450079	0.0	434	434
ENSG00000235888	ENST00000417335	0.0	1953	17988
ENSG00000235888	ENST00000419664	0.0	509	4682
ENSG00000235888	ENST00000652155	0.0	5629	64244
ENSG00000235888	ENST00000655642	0.0	2052	18285
ENSG00000235888	ENST00000663162	0.0	808	17129
ENSG00000235888	ENST00000666868	0.0	987	1238
ENSG00000235888	ENST00000691476	0.0	996	996
ENSG00000235890	ENST00000430181	0.0	374	4938
ENSG00000235890	ENST00000451035	0.0	2108	9769
ENSG00000235965	ENST00000450653	0.0	790	1375
ENSG00000236056	ENST00000450472	0.0	937	937
ENSG00000236119	ENST00000445464	0.0	348	7556
ENSG00000236332	ENST00000447384	0.0	954	34624
ENSG00000236332	ENST00000656258	0.0	844	30195
ENSG00000236332	ENST00000666822	0.0	800	34632
ENSG00000236382	ENST00000412914	0.0	571	571
ENSG00000236384	ENST00000412102	0.0	2033	4256
ENSG00000236384	ENST00000457881	0.0	560	1899
ENSG00000236384	ENST00000586552	0.0	292	2898
ENSG00000236384	ENST00000589300	0.0	718	2898
ENSG00000236400	ENST00000454921	0.0	816	816
ENSG00000236471	ENST00000449746	0.0	446	768
ENSG00000236519	ENST00000417820	0.0	1031	2141
ENSG00000236519	ENST00000692279	0.0	1774	1774
ENSG00000236519	ENST00000701588	0.0	1117	1281
ENSG00000236532	ENST00000433303	0.0	276	6542
ENSG00000236532	ENST00000437194	0.0	443	16175
ENSG00000236532	ENST00000453420	0.0	4486	112574
ENSG00000236532	ENST00000662491	0.0	1000	18989
ENSG00000236545	ENST00000458654	0.0	587	1422
ENSG00000236612	ENST00000439851	0.0	104	104
ENSG00000236663	ENST00000424933	0.0	806	1117
ENSG00000236677	ENST00000436303	0.0	446	3977
ENSG00000236830	ENST00000413862	0.0	1616	24583
ENSG00000236830	ENST00000427491	0.0	765	14935
ENSG00000236830	ENST00000432988	0.0	4651	9304
ENSG00000236830	ENST00000453159	0.0	1518	24560
ENSG00000236830	ENST00000608622	0.0	586	23545
ENSG00000236830	ENST00000608632	0.0	659	23543
ENSG00000236830	ENST00000608641	0.0	845	23597
ENSG00000236830	ENST00000608690	0.0	590	23496
ENSG00000236830	ENST00000609192	0.0	662	4606
ENSG00000236830	ENST00000623484	0.0	392	23534
ENSG00000236830	ENST00000623579	0.0	651	13519
ENSG00000236830	ENST00000623638	0.0	885	14066
ENSG00000236830	ENST00000623647	0.0	815	6067
ENSG00000236830	ENST00000624080	0.0	822	43016
ENSG00000236830	ENST00000624086	0.0	594	1206
ENSG00000236830	ENST00000624883	0.0	564	2789
ENSG00000236830	ENST00000625079	0.0	743	5665
ENSG00000236830	ENST00000625189	0.0	517	2074
ENSG00000236830	ENST00000654957	0.0	979	2794
ENSG00000236830	ENST00000655785	0.0	1440	24582
ENSG00000236830	ENST00000656513	0.0	1860	14958
ENSG00000236830	ENST00000661388	0.0	2030	3587
ENSG00000236830	ENST00000662189	0.0	1574	3799
ENSG00000236830	ENST00000666303	0.0	1359	3110
ENSG00000236830	ENST00000667457	0.0	1348	5367
ENSG00000236883	ENST00000423276	0.0	461	1936
ENSG00000237138	ENST00000437109	0.0	616	817
ENSG00000237202	ENST00000424255	0.0	564	564
ENSG00000237232	ENST00000412906	0.0	952	15673
ENSG00000237232	ENST00000429739	0.0	783	2658
ENSG00000237232	ENST00000455701	0.0	2869	2869
ENSG00000237232	ENST00000657413	0.0	605	2976
ENSG00000237232	ENST00000665885	0.0	859	2953
ENSG00000237232	ENST00000669320	0.0	1555	33101
ENSG00000237232	ENST00000675169	0.0	253	14489
ENSG00000237232	ENST00000675770	0.0	588	2224
ENSG00000237232	ENST00000675924	0.0	2109	2109
ENSG00000237232	ENST00000676087	0.0	1446	45619
ENSG00000237232	ENST00000676145	0.0	1763	23671
ENSG00000237325	ENST00000490865	0.0	758	758
ENSG00000237338	ENST00000446649	0.0	500	1034
ENSG00000237373	ENST00000435608	0.0	489	2713
ENSG00000237444	ENST00000423389	0.0	525	525
ENSG00000237484	ENST00000415182	0.0	2176	119162
ENSG00000237484	ENST00000423581	0.0	655	10003
ENSG00000237484	ENST00000453784	0.0	2908	61568
ENSG00000237484	ENST00000653166	0.0	818	14459
ENSG00000237484	ENST00000653413	0.0	400	400
ENSG00000237484	ENST00000653855	0.0	1407	98164
ENSG00000237484	ENST00000654158	0.0	1364	21139
ENSG00000237484	ENST00000654771	0.0	1078	98143
ENSG00000237484	ENST00000655039	0.0	1209	61414
ENSG00000237484	ENST00000655241	0.0	1232	60077
ENSG00000237484	ENST00000655294	0.0	1118	98145
ENSG00000237484	ENST00000655505	0.0	1678	60163
ENSG00000237484	ENST00000655533	0.0	911	16995
ENSG00000237484	ENST00000656088	0.0	1462	223828
ENSG00000237484	ENST00000656122	0.0	1173	60178
ENSG00000237484	ENST00000656780	0.0	1266	60096
ENSG00000237484	ENST00000656842	0.0	1769	60439
ENSG00000237484	ENST00000657079	0.0	1328	60163
ENSG00000237484	ENST00000657522	0.0	891	98164
ENSG00000237484	ENST00000657774	0.0	1084	88568
ENSG00000237484	ENST00000659824	0.0	1002	52315
ENSG00000237484	ENST00000662917	0.0	1017	97895
ENSG00000237484	ENST00000663985	0.0	1126	51954
ENSG00000237484	ENST00000666492	0.0	1085	13599
ENSG00000237484	ENST00000668315	0.0	1284	16997
ENSG00000237484	ENST00000668910	0.0	948	98076
ENSG00000237484	ENST00000670142	0.0	1099	52267
ENSG00000237484	ENST00000671574	0.0	1288	98156
ENSG00000237484	ENST00000701591	0.0	1455	98132
ENSG00000237527	ENST00000416182	0.0	480	31292
ENSG00000237569	ENST00000425085	0.0	1352	1471
ENSG00000237594	ENST00000433071	0.0	822	1243
ENSG00000237604	ENST00000411956	0.0	821	965
ENSG00000237609	ENST00000440714	0.0	292	593
ENSG00000237646	ENST00000434195	0.0	531	2301
ENSG00000237664	ENST00000416722	0.0	455	3401
ENSG00000237731	ENST00000420965	0.0	728	728
ENSG00000237735	ENST00000444868	0.0	438	61170
ENSG00000237841	ENST00000421795	0.0	191	191
ENSG00000237864	ENST00000450205	0.0	699	9623
ENSG00000237945	ENST00000381181	0.0	2261	15033
ENSG00000237945	ENST00000400353	0.0	2090	39973
ENSG00000237945	ENST00000427447	0.0	9124	46532
ENSG00000237945	ENST00000593977	0.0	640	20865
ENSG00000237945	ENST00000594370	0.0	700	25974
ENSG00000237945	ENST00000594752	0.0	489	26043
ENSG00000237945	ENST00000595747	0.0	796	25011
ENSG00000237945	ENST00000596365	0.0	682	54053
ENSG00000237945	ENST00000597626	0.0	612	53811
ENSG00000237945	ENST00000599421	0.0	728	7210
ENSG00000237945	ENST00000600155	0.0	1108	20811
ENSG00000237945	ENST00000601471	0.0	538	19698
ENSG00000237945	ENST00000608431	0.0	260	5488
ENSG00000237945	ENST00000609132	0.0	1267	8185
ENSG00000237945	ENST00000610236	0.0	196	7602
ENSG00000237945	ENST00000613667	0.0	827	2545
ENSG00000237945	ENST00000616030	0.0	714	54049
ENSG00000237945	ENST00000620580	0.0	779	7366
ENSG00000237945	ENST00000622171	0.0	207	7079
ENSG00000237945	ENST00000628906	0.0	625	30162
ENSG00000237945	ENST00000701334	0.0	469	469
ENSG00000237989	ENST00000442815	0.0	2798	4203
ENSG00000237989	ENST00000689953	0.0	1680	3678
ENSG00000238141	ENST00000423274	0.0	691	7512
ENSG00000238197	ENST00000440052	0.0	3523	14984
ENSG00000238197	ENST00000455170	0.0	480	7122
ENSG00000238197	ENST00000458479	0.0	2945	4802
ENSG00000238197	ENST00000653345	0.0	3696	18182
ENSG00000238197	ENST00000653730	0.0	2878	10112
ENSG00000238197	ENST00000654247	0.0	3130	4987
ENSG00000238197	ENST00000655379	0.0	2742	4265
ENSG00000238197	ENST00000655758	0.0	5211	17840
ENSG00000238197	ENST00000655910	0.0	2847	16417
ENSG00000238197	ENST00000660366	0.0	3688	14842
ENSG00000238197	ENST00000662524	0.0	3680	15280
ENSG00000238197	ENST00000665120	0.0	3847	15071
ENSG00000238197	ENST00000665598	0.0	2814	6076
ENSG00000238197	ENST00000665654	0.0	3770	15301
ENSG00000238197	ENST00000691027	0.0	1864	1864
ENSG00000238220	ENST00000411943	0.0	390	681
ENSG00000238257	ENST00000424582	0.0	201	201
ENSG00000238265	ENST00000419069	0.0	612	14027
ENSG00000238390	ENST00000458922	0.0	177	177
ENSG00000238627	ENST00000410986	0.0	109	109
ENSG00000239023	ENST00000458992	0.0	160	160
ENSG00000239415	ENST00000430259	0.0	2014	2322
ENSG00000239415	ENST00000447037	0.0	686	1286
ENSG00000239930	ENST00000416179	0.0	449	905
ENSG00000240755	ENST00000433806	0.0	578	578
ENSG00000240770	ENST00000430401	0.0	432	15106
ENSG00000240770	ENST00000430815	0.0	717	29209
ENSG00000240770	ENST00000439392	0.0	497	15106
ENSG00000241728	ENST00000422357	0.0	704	1103
ENSG00000241728	ENST00000444409	0.0	619	1278
ENSG00000241837	ENST00000484627	0.0	157	3358
ENSG00000241837	ENST00000487374	0.0	469	3402
ENSG00000241837	ENST00000491703	0.0	2839	12316
ENSG00000241837	ENST00000495005	0.0	586	6940
ENSG00000241837	ENST00000496044	0.0	673	3358
ENSG00000241945	ENST00000471490	0.0	4564	8697
ENSG00000241945	ENST00000476948	0.0	603	853
ENSG00000241945	ENST00000486126	0.0	583	3268
ENSG00000241945	ENST00000494310	0.0	712	2589
ENSG00000242220	ENST00000334165	0.0	1777	3643
ENSG00000242220	ENST00000491828	0.0	889	5776
ENSG00000242220	ENST00000673667	0.0	3141	43615
ENSG00000242220	ENST00000673776	0.0	855	5790
ENSG00000242220	ENST00000673787	0.0	1409	41987
ENSG00000242220	ENST00000673907	0.0	1486	77527
ENSG00000242220	ENST00000674032	0.0	2538	46334
ENSG00000242220	ENST00000674055	0.0	2954	8158
ENSG00000242553	ENST00000440629	0.0	520	16326
ENSG00000243064	ENST00000463099	0.0	3842	88663
ENSG00000243646	ENST00000493295	0.0	1991	29026
ENSG00000243646	ENST00000498371	0.0	568	19839
ENSG00000243646	ENST00000696764	0.0	2530	23522
ENSG00000243646	ENST00000696765	0.0	948	15366
ENSG00000243927	ENST00000477091	0.0	1061	69486
ENSG00000243927	ENST00000482679	0.0	1956	19082
ENSG00000243927	ENST00000483977	0.0	3934	20861
ENSG00000243927	ENST00000488492	0.0	909	69811
ENSG00000244278	ENST00000424017	0.0	479	14372
ENSG00000244294	ENST00000467060	0.0	344	344
ENSG00000244676	ENST00000428689	0.0	422	17358
ENSG00000244676	ENST00000454737	0.0	383	1901
ENSG00000248476	ENST00000504298	0.0	821	10261
ENSG00000249493	ENST00000359341	0.0	492	4763
ENSG00000250973	ENST00000508999	0.0	371	371
ENSG00000251778	ENST00000515969	0.0	96	96
ENSG00000251851	ENST00000516042	0.0	105	105
ENSG00000251972	ENST00000516163	0.0	102	102
ENSG00000252045	ENST00000516236	0.0	136	136
ENSG00000252199	ENST00000516390	0.0	95	95
ENSG00000252273	ENST00000516464	0.0	97	97
ENSG00000252462	ENST00000516653	0.0	101	101
ENSG00000252606	ENST00000516797	0.0	99	99
ENSG00000252619	ENST00000516810	0.0	97	97
ENSG00000252915	ENST00000517106	0.0	92	92
ENSG00000252950	ENST00000517141	0.0	136	136
ENSG00000252963	ENST00000517154	0.0	244	244
ENSG00000255568	ENST00000603064	0.0	1056	1056
ENSG00000256073	ENST00000534991	0.0	886	886
ENSG00000259981	ENST00000565564	0.0	444	8120
ENSG00000260256	ENST00000568332	0.0	529	529
ENSG00000260583	ENST00000567517	0.0	557	557
ENSG00000261610	ENST00000565959	0.0	1782	1782
ENSG00000261706	ENST00000569966	0.0	824	824
ENSG00000263681	ENST00000582241	0.0	73	73
ENSG00000263969	ENST00000579533	0.0	299	299
ENSG00000263973	ENST00000585040	0.0	80	80
ENSG00000264002	ENST00000584271	0.0	284	284
ENSG00000264063	ENST00000577708	0.0	61	61
ENSG00000264452	ENST00000583496	0.0	76	76
ENSG00000264462	ENST00000581792	0.0	180	180
ENSG00000264580	ENST00000579137	0.0	87	87
ENSG00000265007	ENST00000581194	0.0	85	85
ENSG00000265590	ENST00000673672	0.0	3979	30694
ENSG00000265590	ENST00000673799	0.0	4248	38074
ENSG00000265590	ENST00000673979	0.0	2339	76304
ENSG00000265841	ENST00000580069	0.0	75	75
ENSG00000266133	ENST00000584048	0.0	83	83
ENSG00000266195	ENST00000583100	0.0	276	276
ENSG00000266211	ENST00000580304	0.0	77	77
ENSG00000266299	ENST00000581787	0.0	76	76
ENSG00000266692	ENST00000581669	0.0	55	55
ENSG00000267857	ENST00000596207	0.0	608	608
ENSG00000269950	ENST00000602654	0.0	729	7920
ENSG00000270071	ENST00000602921	0.0	1484	17246
ENSG00000270071	ENST00000652633	0.0	1245	19304
ENSG00000270071	ENST00000688671	0.0	652	652
ENSG00000270116	ENST00000602568	0.0	530	530
ENSG00000270139	ENST00000602454	0.0	467	1942
ENSG00000270533	ENST00000604687	0.0	547	547
ENSG00000270652	ENST00000604662	0.0	539	859
ENSG00000270835	ENST00000605450	0.0	1063	1063
ENSG00000271486	ENST00000603349	0.0	851	851
ENSG00000272015	ENST00000606322	0.0	83	83
ENSG00000272657	ENST00000362077	0.0	641	286442
ENSG00000272825	ENST00000609953	0.0	652	652
ENSG00000272948	ENST00000608405	0.0	714	714
ENSG00000272958	ENST00000608289	0.0	510	510
ENSG00000272991	ENST00000608767	0.0	431	431
ENSG00000273017	ENST00000609910	0.0	452	452
ENSG00000273027	ENST00000609461	0.0	460	460
ENSG00000273091	ENST00000610276	0.0	676	676
ENSG00000273102	ENST00000607953	0.0	592	1474
ENSG00000273104	ENST00000608665	0.0	388	388
ENSG00000273115	ENST00000608410	0.0	312	312
ENSG00000273199	ENST00000608391	0.0	879	879
ENSG00000273210	ENST00000608783	0.0	456	456
ENSG00000273254	ENST00000608809	0.0	636	636
ENSG00000273271	ENST00000609934	0.0	520	520
ENSG00000273464	ENST00000608759	0.0	426	426
ENSG00000273492	ENST00000608591	0.0	1979	46511
ENSG00000273492	ENST00000609365	0.0	2021	46488
ENSG00000273492	ENST00000664668	0.0	2419	11903
ENSG00000273590	ENST00000619874	0.0	870	13680
ENSG00000273692	ENST00000619798	0.0	666	666
ENSG00000273796	ENST00000617004	0.0	1135	1135
ENSG00000273840	ENST00000612267	0.0	3336	122979
ENSG00000273872	ENST00000614260	0.0	289	925
ENSG00000274046	ENST00000617336	0.0	101	101
ENSG00000274060	ENST00000616483	0.0	92	92
ENSG00000274225	ENST00000617205	0.0	644	644
ENSG00000274248	ENST00000621707	0.0	465	465
ENSG00000274276	ENST00000398168	0.0	2495	22645
ENSG00000274333	ENST00000611026	0.0	2195	6226
ENSG00000274333	ENST00000619252	0.0	549	36564
ENSG00000274333	ENST00000622939	0.0	589	34468
ENSG00000274333	ENST00000623050	0.0	1602	25272
ENSG00000274333	ENST00000623436	0.0	835	37015
ENSG00000274333	ENST00000623449	0.0	560	36520
ENSG00000274333	ENST00000623887	0.0	1974	6063
ENSG00000274333	ENST00000623914	0.0	596	61178
ENSG00000274333	ENST00000624368	0.0	1140	34968
ENSG00000274333	ENST00000624412	0.0	944	35077
ENSG00000274333	ENST00000624444	0.0	7628	9777
ENSG00000274333	ENST00000624516	0.0	679	32663
ENSG00000274333	ENST00000624627	0.0	1604	37560
ENSG00000274484	ENST00000613803	0.0	101	101
ENSG00000274559	ENST00000464664	0.0	460	460
ENSG00000274662	ENST00000410635	0.0	284	284
ENSG00000274790	ENST00000616522	0.0	101	101
ENSG00000274868	ENST00000612139	0.0	90	90
ENSG00000275139	ENST00000617854	0.0	3955	3955
ENSG00000275166	ENST00000622292	0.0	70	70
ENSG00000275167	ENST00000611994	0.0	61	61
ENSG00000275170	ENST00000613317	0.0	856	1666
ENSG00000275215	ENST00000613359	0.0	153	153
ENSG00000275464	ENST00000617716	0.0	3188	23788
ENSG00000275469	ENST00000619419	0.0	109	109
ENSG00000275496	ENST00000617746	0.0	859	36877
ENSG00000275496	ENST00000619488	0.0	2195	6226
ENSG00000275496	ENST00000621924	0.0	2380	38339
ENSG00000275496	ENST00000623405	0.0	572	36583
ENSG00000275496	ENST00000623506	0.0	757	34721
ENSG00000275496	ENST00000623575	0.0	579	34715
ENSG00000275496	ENST00000624446	0.0	465	36648
ENSG00000275523	ENST00000611656	0.0	60	60
ENSG00000275592	ENST00000619242	0.0	903	1221
ENSG00000275631	ENST00000620684	0.0	176	176
ENSG00000275664	ENST00000610482	0.0	90	90
ENSG00000275692	ENST00000617390	0.0	92	92
ENSG00000275708	ENST00000615959	0.0	180	180
ENSG00000275799	ENST00000620163	0.0	449	449
ENSG00000275874	ENST00000615826	0.0	733	5520
ENSG00000275895	ENST00000610664	0.0	945	14626
ENSG00000275945	ENST00000613970	0.0	806	806
ENSG00000275950	ENST00000616420	0.0	92	92
ENSG00000275993	ENST00000613488	0.0	4747	12648
ENSG00000276076	ENST00000619537	0.0	2504	65287
ENSG00000276077	ENST00000610988	0.0	2195	6226
ENSG00000276077	ENST00000617062	0.0	560	36524
ENSG00000276077	ENST00000624461	0.0	994	37013
ENSG00000276077	ENST00000624791	0.0	572	36584
ENSG00000276077	ENST00000624907	0.0	777	34660
ENSG00000276077	ENST00000625096	0.0	2247	38207
ENSG00000276077	ENST00000625115	0.0	888	35025
ENSG00000276289	ENST00000618699	0.0	3195	12956
ENSG00000276529	ENST00000616815	0.0	443	443
ENSG00000276546	ENST00000619005	0.0	101	101
ENSG00000276556	ENST00000611755	0.0	311	311
ENSG00000276633	ENST00000618749	0.0	2492	2492
ENSG00000276647	ENST00000617417	0.0	272	272
ENSG00000276738	ENST00000615444	0.0	211	211
ENSG00000276873	ENST00000616808	0.0	99	99
ENSG00000276902	ENST00000615262	0.0	101	101
ENSG00000277067	ENST00000615804	0.0	2195	6226
ENSG00000277067	ENST00000621909	0.0	859	36878
ENSG00000277067	ENST00000622911	0.0	572	36584
ENSG00000277067	ENST00000623095	0.0	2247	38207
ENSG00000277067	ENST00000623394	0.0	777	34660
ENSG00000277067	ENST00000624310	0.0	624	34761
ENSG00000277117	ENST00000623960	0.0	3237	14241
ENSG00000277277	ENST00000613894	0.0	961	961
ENSG00000277379	ENST00000622482	0.0	92	92
ENSG00000277437	ENST00000614492	0.0	61	61
ENSG00000277572	ENST00000613590	0.0	89	89
ENSG00000277671	ENST00000618423	0.0	90	90
ENSG00000277693	ENST00000616952	0.0	225	13802
ENSG00000277693	ENST00000622592	0.0	859	14259
ENSG00000277693	ENST00000667012	0.0	1818	5802
ENSG00000277739	ENST00000610460	0.0	153	153
ENSG00000277777	ENST00000610788	0.0	101	101
ENSG00000277991	ENST00000623190	0.0	1469	5500
ENSG00000277991	ENST00000623374	0.0	7632	9781
ENSG00000277991	ENST00000623637	0.0	429	5466
ENSG00000277991	ENST00000623643	0.0	468	3376
ENSG00000277991	ENST00000623783	0.0	1974	6063
ENSG00000277991	ENST00000623797	0.0	558	3554
ENSG00000277991	ENST00000624633	0.0	402	6915
ENSG00000277991	ENST00000625005	0.0	987	8988
ENSG00000278106	ENST00000612331	0.0	135	135
ENSG00000278158	ENST00000619053	0.0	507	507
ENSG00000278181	ENST00000620221	0.0	378	378
ENSG00000278189	ENST00000619471	0.0	153	153
ENSG00000278233	ENST00000612463	0.0	153	153
ENSG00000278381	ENST00000613704	0.0	284	284
ENSG00000278433	ENST00000613967	0.0	103	103
ENSG00000278618	ENST00000621412	0.0	86	86
ENSG00000278678	ENST00000616920	0.0	296	296
ENSG00000278775	ENST00000619112	0.0	90	90
ENSG00000278878	ENST00000623225	0.0	897	3364
ENSG00000278878	ENST00000624181	0.0	674	2941
ENSG00000278884	ENST00000625184	0.0	593	4568
ENSG00000278903	ENST00000623738	0.0	665	38547
ENSG00000278903	ENST00000623989	0.0	959	3360
ENSG00000278903	ENST00000624165	0.0	905	40690
ENSG00000278903	ENST00000624576	0.0	2257	41982
ENSG00000278903	ENST00000624847	0.0	1468	5504
ENSG00000278903	ENST00000688458	0.0	608	34888
ENSG00000278903	ENST00000688828	0.0	1415	3871
ENSG00000278903	ENST00000689306	0.0	801	34868
ENSG00000278903	ENST00000689354	0.0	935	11475
ENSG00000278903	ENST00000692046	0.0	727	11480
ENSG00000278903	ENST00000692237	0.0	523	34814
ENSG00000278903	ENST00000692318	0.0	488	2955
ENSG00000278903	ENST00000692898	0.0	792	11534
ENSG00000278903	ENST00000701070	0.0	932	3361
ENSG00000278903	ENST00000701260	0.0	615	15853
ENSG00000278931	ENST00000624291	0.0	1693	23717
ENSG00000278932	ENST00000622961	0.0	812	43763
ENSG00000278932	ENST00000622995	0.0	260	2276
ENSG00000278932	ENST00000623409	0.0	580	2719
ENSG00000278932	ENST00000624052	0.0	196	2247
ENSG00000278932	ENST00000624162	0.0	517	1933
ENSG00000278932	ENST00000625153	0.0	577	29281
ENSG00000278932	ENST00000669409	0.0	618	2634
ENSG00000278932	ENST00000685951	0.0	1274	43857
ENSG00000278932	ENST00000686510	0.0	1613	43837
ENSG00000278932	ENST00000686553	0.0	1393	44195
ENSG00000278932	ENST00000690951	0.0	1253	1253
ENSG00000278932	ENST00000691955	0.0	1769	44190
ENSG00000278932	ENST00000692626	0.0	1259	43864
ENSG00000278932	ENST00000692884	0.0	1218	43841
ENSG00000278932	ENST00000700846	0.0	871	43892
ENSG00000278932	ENST00000701055	0.0	1650	45467
ENSG00000278932	ENST00000701076	0.0	1030	6378
ENSG00000278932	ENST00000701280	0.0	617	43840
ENSG00000278961	ENST00000624951	0.0	1050	5252
ENSG00000278996	ENST00000623664	0.0	2498	30027
ENSG00000279062	ENST00000623954	0.0	586	586
ENSG00000279064	ENST00000623723	0.0	457	2453
ENSG00000279094	ENST00000623227	0.0	674	2941
ENSG00000279094	ENST00000624261	0.0	936	3392
ENSG00000279094	ENST00000624859	0.0	977	3343
ENSG00000279156	ENST00000623771	0.0	217	217
ENSG00000279167	ENST00000625098	0.0	102	102
ENSG00000279177	ENST00000624906	0.0	1185	1185
ENSG00000279186	ENST00000624506	0.0	2456	2456
ENSG00000279208	ENST00000624041	0.0	768	7361
ENSG00000279211	ENST00000623408	0.0	392	392
ENSG00000279213	ENST00000625014	0.0	519	519
ENSG00000279303	ENST00000623962	0.0	2456	2456
ENSG00000279321	ENST00000623559	0.0	676	1486
ENSG00000279321	ENST00000624226	0.0	697	1597
ENSG00000279365	ENST00000624669	0.0	1894	1894
ENSG00000279381	ENST00000623217	0.0	204	204
ENSG00000279390	ENST00000623352	0.0	2191	2191
ENSG00000279414	ENST00000623182	0.0	509	509
ENSG00000279477	ENST00000623518	0.0	924	3775
ENSG00000279493	ENST00000624081	0.0	513	5347
ENSG00000279501	ENST00000623236	0.0	227	22175
ENSG00000279534	ENST00000624405	0.0	217	217
ENSG00000279579	ENST00000623794	0.0	845	2259
ENSG00000279579	ENST00000624813	0.0	241	2255
ENSG00000279615	ENST00000624852	0.0	397	397
ENSG00000279647	ENST00000624595	0.0	879	3742
ENSG00000279648	ENST00000624164	0.0	2048	2048
ENSG00000279669	ENST00000623753	0.0	388	11166
ENSG00000279687	ENST00000623188	0.0	479	14410
ENSG00000279690	ENST00000624800	0.0	832	832
ENSG00000279709	ENST00000623377	0.0	741	3788
ENSG00000279718	ENST00000624821	0.0	759	759
ENSG00000279720	ENST00000624968	0.0	501	501
ENSG00000279728	ENST00000623809	0.0	818	3766
ENSG00000279751	ENST00000623720	0.0	458	1809
ENSG00000279773	ENST00000624520	0.0	1839	1839
ENSG00000279783	ENST00000624130	0.0	348	348
ENSG00000279784	ENST00000623587	0.0	307	1816
ENSG00000279788	ENST00000624266	0.0	1031	3785
ENSG00000279851	ENST00000623370	0.0	1942	6757
ENSG00000279864	ENST00000624736	0.0	186	186
ENSG00000279895	ENST00000624042	0.0	1029	4398
ENSG00000279967	ENST00000624806	0.0	2456	2456
ENSG00000279990	ENST00000625020	0.0	438	438
ENSG00000279998	ENST00000623678	0.0	1612	22706
ENSG00000280013	ENST00000623928	0.0	207	207
ENSG00000280018	ENST00000623165	0.0	710	11250
ENSG00000280018	ENST00000623347	0.0	897	3364
ENSG00000280018	ENST00000624519	0.0	681	4584
ENSG00000280018	ENST00000624728	0.0	936	3392
ENSG00000280019	ENST00000624484	0.0	1023	4398
ENSG00000280071	ENST00000620528	0.0	1584	12029
ENSG00000280081	ENST00000623929	0.0	123	123
ENSG00000280082	ENST00000623768	0.0	87	87
ENSG00000280108	ENST00000624445	0.0	607	9793
ENSG00000280109	ENST00000414699	0.0	336	5789
ENSG00000280109	ENST00000430327	0.0	1011	10452
ENSG00000280109	ENST00000440221	0.0	1004	10343
ENSG00000280109	ENST00000623119	0.0	5588	5588
ENSG00000280109	ENST00000645185	0.0	10009	10009
ENSG00000280145	ENST00000623047	0.0	5990	8156
ENSG00000280145	ENST00000623106	0.0	776	29559
ENSG00000280145	ENST00000623313	0.0	596	38490
ENSG00000280145	ENST00000623324	0.0	936	3392
ENSG00000280145	ENST00000623950	0.0	406	3414
ENSG00000280145	ENST00000624846	0.0	934	38853
ENSG00000280145	ENST00000624965	0.0	561	36254
ENSG00000280145	ENST00000625185	0.0	785	40511
ENSG00000280164	ENST00000623892	0.0	1032	3398
ENSG00000280172	ENST00000623131	0.0	1990	1990
ENSG00000280179	ENST00000624872	0.0	3241	7027
ENSG00000280191	ENST00000624561	0.0	713	15966
ENSG00000280243	ENST00000624263	0.0	1081	1081
ENSG00000280330	ENST00000624153	0.0	1185	1185
ENSG00000280372	ENST00000624662	0.0	1495	1495
ENSG00000280432	ENST00000624971	0.0	1101	1101
ENSG00000280433	ENST00000623998	0.0	3634	8197
ENSG00000280436	ENST00000623201	0.0	510	5939
ENSG00000280441	ENST00000623860	0.0	2520	30003
ENSG00000280441	ENST00000651813	0.0	2498	74128
ENSG00000280441	ENST00000651958	0.0	840	25816
ENSG00000280441	ENST00000652379	0.0	840	70003
ENSG00000280594	ENST00000626994	0.0	552	21456
ENSG00000280594	ENST00000630155	0.0	2341	2341
ENSG00000280594	ENST00000690626	0.0	1224	2419
ENSG00000280594	ENST00000701920	0.0	1168	22229
ENSG00000280604	ENST00000626237	0.0	4807	5188
ENSG00000280614	ENST00000625598	0.0	923	923
ENSG00000280800	ENST00000631211	0.0	923	923
ENSG00000281181	ENST00000627981	0.0	923	923
ENSG00000281383	ENST00000629969	0.0	923	923
ENSG00000281903	ENST00000412426	0.0	991	44729
ENSG00000281903	ENST00000418954	0.0	717	29005
ENSG00000281903	ENST00000625278	0.0	740	94226
ENSG00000281903	ENST00000627623	0.0	417	9403
ENSG00000281903	ENST00000630211	0.0	712	92909
ENSG00000283051	ENST00000635001	0.0	513	2176
ENSG00000283300	ENST00000637157	0.0	84	84
ENSG00000283904	ENST00000385060	0.0	65	65
ENSG00000284448	ENST00000290239	0.0	67	67
ENSG00000284550	ENST00000616627	0.0	86	86
ENSG00000285413	ENST00000645813	0.0	3551	22170
ENSG00000286012	ENST00000651349	0.0	312	312
ENSG00000286018	ENST00000651960	0.0	731	923
ENSG00000286027	ENST00000650670	0.0	568	2288
ENSG00000286027	ENST00000651009	0.0	2413	2413
ENSG00000286032	ENST00000651130	0.0	333	333
ENSG00000286033	ENST00000651312	0.0	1154	74180
ENSG00000286054	ENST00000652151	0.0	234	234
ENSG00000286057	ENST00000652328	0.0	234	234
ENSG00000286082	ENST00000651182	0.0	958	29312
ENSG00000286091	ENST00000651001	0.0	234	234
ENSG00000286103	ENST00000652368	0.0	869	45663
ENSG00000286146	ENST00000652246	0.0	329	329
ENSG00000286148	ENST00000651888	0.0	312	312
ENSG00000286149	ENST00000652220	0.0	479	479
ENSG00000286153	ENST00000651798	0.0	2061	48597
ENSG00000286153	ENST00000701892	0.0	1092	1092
ENSG00000286155	ENST00000651830	0.0	479	479
ENSG00000286178	ENST00000652229	0.0	312	312
ENSG00000286222	ENST00000652402	0.0	1384	12976
ENSG00000286252	ENST00000651797	0.0	331	331
ENSG00000286262	ENST00000652705	0.0	719	3036
ENSG00000286267	ENST00000650962	0.0	479	479
ENSG00000286425	ENST00000665522	0.0	2512	30119
ENSG00000286517	ENST00000478313	0.0	539	16576
ENSG00000286549	ENST00000668861	0.0	587	60705
ENSG00000286594	ENST00000655224	0.0	1461	1809
ENSG00000286643	ENST00000653041	0.0	2138	11422
ENSG00000286717	ENST00000667151	0.0	2540	67520
ENSG00000286852	ENST00000660763	0.0	817	1058
ENSG00000286886	ENST00000658513	0.0	3765	26809
ENSG00000286902	ENST00000660906	0.0	693	3384
ENSG00000287066	ENST00000661484	0.0	632	2362
ENSG00000287082	ENST00000671443	0.0	1052	1323
ENSG00000287088	ENST00000658407	0.0	2227	2974
ENSG00000287109	ENST00000659278	0.0	3590	8559
ENSG00000287470	ENST00000656161	0.0	950	39775
ENSG00000287507	ENST00000660472	0.0	757	3347
ENSG00000287612	ENST00000661152	0.0	911	32070
ENSG00000287637	ENST00000663813	0.0	2260	29477
ENSG00000287801	ENST00000668921	0.0	1442	131708
ENSG00000288069	ENST00000670068	0.0	1237	18571
ENSG00000288094	ENST00000662613	0.0	1314	5086
ENSG00000288187	ENST00000671789	0.0	2391	2391
ENSG00000288266	ENST00000671754	0.0	836	836
ENSG00000288536	ENST00000674143	0.0	2624	36337
ENSG00000288555	ENST00000673983	0.0	2694	33989
ENSG00000288578	ENST00000673790	0.0	1034	20307
ENSG00000288711	ENST00000682732	0.0	922	14374
ENSG00000288842	ENST00000686985	0.0	1010	1010
ENSG00000288885	ENST00000693093	0.0	948	948
ENSG00000289001	ENST00000692721	0.0	677	677
ENSG00000289009	ENST00000686815	0.0	1823	1823
ENSG00000289144	ENST00000685999	0.0	1295	2087
ENSG00000289221	ENST00000691257	0.0	755	755
ENSG00000289224	ENST00000688872	0.0	1265	1983
ENSG00000289238	ENST00000687762	0.0	736	736
ENSG00000289322	ENST00000692249	0.0	1189	1189
ENSG00000289404	ENST00000692770	0.0	417	417
ENSG00000289421	ENST00000689761	0.0	411	10138
ENSG00000289445	ENST00000684917	0.0	1649	1649
ENSG00000289448	ENST00000689879	0.0	316	5992
ENSG00000289511	ENST00000690385	0.0	1871	1871
ENSG00000289513	ENST00000686319	0.0	1321	3128
ENSG00000289513	ENST00000700893	0.0	608	7701
ENSG00000289513	ENST00000701256	0.0	1646	8898
ENSG00000289513	ENST00000701512	0.0	2515	3139
ENSG00000289538	ENST00000691168	0.0	333	333
ENSG00000289538	ENST00000692486	0.0	418	24595
ENSG00000289538	ENST00000701898	0.0	349	24552
ENSG00000289538	ENST00000701963	0.0	571	24556
ENSG00000289546	ENST00000686536	0.0	1057	5401
ENSG00000289857	ENST00000701122	0.0	355	355
ENSG00000289899	ENST00000701473	0.0	413	53992
ENSG00000289905	ENST00000701545	0.0	493	493
ENSG00000289927	ENST00000701791	0.0	400	5639
ENSG00000289939	ENST00000701889	0.0	395	395
ENSG00000290523	ENST00000470054	0.0	1891	78084
ENSG00000290523	ENST00000474011	0.0	1482	39053
ENSG00000290541	ENST00000428301	0.0	1279	5232
ENSG00000290541	ENST00000436765	0.0	624	1447
ENSG00000290568	ENST00000447861	0.0	3260	13959
ENSG00000290568	ENST00000471407	0.0	665	9335
ENSG00000290568	ENST00000507941	0.0	1354	8092
ENSG00000290581	ENST00000442192	0.0	920	26082
ENSG00000291050	ENST00000416067	0.0	1624	61417
ENSG00000291050	ENST00000684989	0.0	975	61377
ENSG00000291050	ENST00000685532	0.0	879	61385
ENSG00000291050	ENST00000685666	0.0	789	61409
ENSG00000291050	ENST00000687488	0.0	858	61397
ENSG00000291050	ENST00000687537	0.0	808	61416
ENSG00000291050	ENST00000687888	0.0	1037	61374
ENSG00000291050	ENST00000688310	0.0	874	61392
ENSG00000291050	ENST00000688451	0.0	2067	61404
ENSG00000291050	ENST00000689141	0.0	850	61428
ENSG00000291050	ENST00000690061	0.0	855	61445
ENSG00000291050	ENST00000690096	0.0	684	61417
ENSG00000291050	ENST00000690389	0.0	2232	61411
ENSG00000291050	ENST00000690713	0.0	1489	61344
ENSG00000291050	ENST00000691190	0.0	814	61400
ENSG00000291050	ENST00000691834	0.0	1633	53542
ENSG00000291050	ENST00000692383	0.0	1113	61410
ENSG00000291050	ENST00000693307	0.0	1062	61413
ENSG00000291050	ENST00000700801	0.0	954	61409
ENSG00000291050	ENST00000700816	0.0	846	61409
ENSG00000291050	ENST00000700865	0.0	2162	43839
ENSG00000291050	ENST00000700896	0.0	1006	61369
ENSG00000291050	ENST00000700906	0.0	908	61417
ENSG00000291050	ENST00000701131	0.0	1428	61392
ENSG00000291050	ENST00000701235	0.0	384	48206
ENSG00000291050	ENST00000701285	0.0	1476	61372
ENSG00000291050	ENST00000701362	0.0	897	61401
ENSG00000291050	ENST00000701380	0.0	1609	61414
ENSG00000291050	ENST00000701535	0.0	657	61402
ENSG00000291050	ENST00000701568	0.0	595	61404
ENSG00000291052	ENST00000429114	0.0	611	43452
ENSG00000291052	ENST00000467409	0.0	2796	27545
ENSG00000291052	ENST00000471902	0.0	689	17464
ENSG00000291052	ENST00000481582	0.0	4080	25806
ENSG00000291052	ENST00000482980	0.0	3364	64219
ENSG00000291052	ENST00000685452	0.0	1053	25805
ENSG00000291052	ENST00000688334	0.0	1191	39147
ENSG00000291052	ENST00000688378	0.0	952	25709
ENSG00000291052	ENST00000689702	0.0	1735	39309
ENSG00000291052	ENST00000690235	0.0	1081	25822
ENSG00000291052	ENST00000690439	0.0	1214	39224
ENSG00000291052	ENST00000690887	0.0	1046	25849
ENSG00000291052	ENST00000691950	0.0	1664	39438
ENSG00000291052	ENST00000692080	0.0	1016	25827
ENSG00000291052	ENST00000701466	0.0	913	17420
ENSG00000291052	ENST00000701540	0.0	1514	42728
ENSG00000291052	ENST00000701596	0.0	1452	39218
ENSG00000291052	ENST00000701605	0.0	793	25774
ENSG00000291052	ENST00000701615	0.0	2704	43358
ENSG00000291280	ENST00000344693	0.0	1088	36669
ENSG00000291280	ENST00000428576	0.0	673	32058
ENSG00000291280	ENST00000429521	0.0	752	28386
ENSG00000291280	ENST00000432875	0.0	472	23412
ENSG00000291290	ENST00000630354	0.0	524	3611
ENSG00000291291	ENST00000593619	0.0	599	599
ENSG00000292434	ENST00000711629	0.0	5568	42148
ENSG00000292434	ENST00000711630	0.0	357	2468
ENSG00000292435	ENST00000711631	0.0	1258	12430
ENSG00000293035	ENST00000623554	0.0	1137	30685
ENSG00000293035	ENST00000623919	0.0	1422	7916
ENSG00000293035	ENST00000623933	0.0	668	2849
ENSG00000293035	ENST00000651050	0.0	1548	28796
ENSG00000293035	ENST00000651542	0.0	1386	34924
ENSG00000293037	ENST00000625012	0.0	1485	144293
ENSG00000293050	ENST00000672784	0.0	1441	19672
ENSG00000293062	ENST00000651618	0.0	925	29335
ENSG00000293210	ENST00000429427	0.0	967	2433
ENSG00000293210	ENST00000599569	0.0	2260	2260
ENSG00000293371	ENST00000632732	0.0	1940	1940
